class;cap-diameter;cap-shape;cap-surface;cap-color;does-bruise-or-bleed;gill-attachment;gill-spacing;gill-color;stem-height;stem-width;stem-root;stem-surface;stem-color;veil-type;veil-color;has-ring;ring-type;spore-print-color;habitat;season
p;13.37;x;t;n;f;a;d;w;10.87;29.71;;;w;;;f;f;;d;u
e;1.7;f;y;n;f;d;d;p;4.91;2.57;;i;n;;;f;f;;l;u
e;55.86;o;y;y;f;p;;y;7.06;38.54;;k;k;;;f;f;;d;s
p;4.49;x;y;n;f;a;;w;6.13;3.75;;y;n;;;t;r;;g;a
p;2.98;o;l;g;f;f;f;f;0.0;0.0;f;f;f;;;f;f;;d;w
p;1.46;b;h;n;f;a;;n;4.02;1.52;;t;n;;;f;f;;d;s
p;2.89;b;t;p;f;a;;r;4.9;6.06;;t;y;;;f;f;;m;a
e;8.61;x;d;e;t;p;;y;6.93;13.55;;;y;;;f;f;;d;a
e;2.97;f;d;n;t;d;c;p;4.69;6.21;;;g;;;f;f;;d;u
p;1.76;x;i;k;f;a;;w;4.06;2.42;;;w;;;f;f;p;g;a
p;3.57;o;;w;f;f;f;f;4.49;25.32;;g;w;;;t;f;;p;a
p;2.07;c;;w;f;a;c;n;2.85;3.47;;i;u;;;f;f;;p;u
p;3.71;f;l;y;f;x;d;y;5.67;4.83;;;y;;;f;f;;d;a
p;1.69;o;k;n;f;;;n;4.32;1.69;;;n;;;f;f;;d;w
e;8.52;x;d;y;t;p;;y;9.31;17.14;;;y;;;f;f;;d;a
p;4.22;o;s;w;f;;c;w;0.0;0.0;f;f;f;;;f;f;n;d;a
p;7.82;x;w;p;f;s;c;p;4.69;10.29;;;p;;;f;f;;d;w
p;0.59;x;g;p;f;a;;n;3.4;0.95;;h;k;;;f;f;;d;w
p;24.5;x;s;n;f;p;;y;6.3;49.97;;;n;;;f;f;;d;w
p;5.97;c;e;y;t;x;c;r;4.55;12.13;;;w;;;f;f;;g;u
e;7.23;x;w;y;f;f;f;f;4.57;11.77;;;y;;;f;f;;d;u
p;5.32;b;s;g;f;;;g;7.62;11.42;;s;w;;;t;z;;g;a
e;12.16;f;y;e;f;;;w;7.41;24.4;b;;n;;w;t;e;;d;a
p;2.51;f;w;o;t;d;c;y;2.86;5.35;;;n;;;f;f;;d;a
e;7.23;s;;y;f;a;c;w;6.31;16.59;;;w;;;f;f;;d;a
p;5.33;x;;p;f;;c;r;3.63;11.97;;;y;;;f;f;;d;a
e;9.83;x;d;w;f;s;c;w;7.47;31.61;;;w;;;f;f;;d;u
p;7.91;f;t;e;f;x;d;w;5.85;17.72;b;;w;;;f;f;;d;a
e;7.42;f;;n;f;x;c;w;7.74;18.91;;s;w;;;f;f;;d;u
p;9.94;x;t;n;f;a;d;w;10.7;31.78;;;w;;;f;f;;d;a
p;0.98;x;g;w;f;a;d;w;2.82;1.37;;;e;;;f;f;;l;u
p;6.13;s;d;e;t;d;c;y;4.79;8.12;;;n;;;f;f;;d;a
p;5.52;p;s;g;f;;;g;9.91;13.22;;s;w;;;t;z;;g;s
e;3.78;f;y;g;f;s;;g;3.88;7.3;;;w;;;f;f;;d;u
e;4.91;f;h;o;f;a;d;y;6.28;5.83;;k;n;;;f;f;;d;w
p;9.15;x;;n;f;p;;w;9.36;28.44;c;;n;;;f;f;w;d;a
e;9.42;x;s;w;f;s;c;w;7.45;33.27;;;w;;;f;f;;d;u
p;8.61;p;g;n;f;e;;w;8.45;15.61;;y;w;u;w;t;p;;d;u
e;4.55;x;;y;f;a;c;o;5.15;9.56;;;w;;;f;f;;d;u
p;5.89;f;y;e;f;s;c;y;5.15;10.68;;y;y;;;f;f;;d;a
p;2.75;o;l;g;f;f;f;f;0.0;0.0;f;f;f;;;f;f;;d;u
e;1.73;x;t;y;f;a;;w;7.13;2.06;;t;y;;;f;f;;g;a
p;10.62;o;;n;f;f;f;f;2.6;24.33;;g;n;;;f;f;;d;u
e;4.28;x;;n;f;x;c;g;6.34;3.97;;;w;;;f;f;;d;a
e;6.94;x;;y;f;a;c;w;5.74;13.07;;;w;;;f;f;;d;u
e;9.63;x;s;n;f;e;c;w;7.41;10.69;;i;w;;;f;f;p;d;w
e;5.3;x;t;n;f;e;;w;11.86;12.05;;s;n;u;w;f;f;;d;u
e;4.13;c;;n;f;f;f;f;5.65;18.44;;;n;;;f;f;;l;s
p;7.02;s;d;e;t;d;c;w;7.42;8.85;;;e;;;f;f;;d;a
e;3.68;x;;y;f;a;c;o;2.75;8.49;;;w;;;f;f;;d;a
e;8.02;x;;n;t;p;;g;12.79;27.47;;y;w;;;f;f;;d;a
p;8.95;x;t;n;f;s;;n;6.22;8.69;;y;n;;;f;f;;d;a
p;8.01;b;t;w;f;e;c;w;13.73;13.15;;y;w;u;w;t;e;;d;u
p;8.38;x;i;n;f;a;;n;10.62;14.71;s;;n;;e;f;f;;d;a
e;4.0;b;g;w;f;x;d;w;5.26;3.2;;;y;;;f;f;;g;u
e;8.68;f;y;n;f;e;c;n;4.38;11.38;;;w;;;t;l;;w;a
p;2.39;b;g;o;f;;c;n;5.99;3.43;;;n;;;f;f;;g;s
p;2.54;f;i;l;f;a;;p;5.05;2.71;;;w;;;f;f;p;g;u
p;8.62;x;e;y;f;a;;o;11.52;22.67;r;;y;;;t;r;n;d;u
e;7.29;x;d;n;t;p;;y;8.75;16.93;;;y;;;f;f;;d;a
p;6.26;x;t;n;f;s;;g;5.11;7.04;;y;n;;;f;f;;d;a
p;6.29;x;s;n;t;s;d;r;6.34;14.48;r;y;n;;;f;f;;d;u
e;1.34;c;g;n;f;a;;w;4.94;1.24;;;g;;;f;f;;d;a
p;5.91;x;e;e;f;a;;n;8.38;9.79;;;e;;w;t;z;;d;a
p;2.94;o;;g;f;f;f;f;3.55;17.04;;g;g;;;f;f;;d;u
e;13.86;s;;w;t;d;c;y;7.22;29.28;;;w;;;f;f;;d;a
p;10.12;x;d;o;f;a;;o;10.48;19.97;r;;o;;;t;r;n;d;u
e;5.82;s;l;n;f;f;f;f;7.33;49.73;;;n;;;f;f;g;l;a
e;5.65;x;;y;f;e;;w;6.05;12.19;b;;w;u;w;t;g;;d;a
p;6.83;b;t;w;f;e;c;w;13.55;12.81;;y;w;u;w;t;l;;d;a
p;1.92;b;g;y;f;;c;n;5.58;3.34;;;n;;;f;f;;d;u
p;6.32;x;e;e;f;a;;w;8.3;10.61;;;n;;w;t;z;;d;a
p;5.78;s;d;o;f;d;c;o;3.76;6.92;;;o;;;f;f;;d;u
p;3.98;s;;u;f;a;;w;4.6;6.22;;;w;;;f;f;;d;a
e;19.73;p;d;n;f;p;;n;15.96;32.06;s;y;w;;;f;f;;d;u
p;7.04;x;;n;f;p;;w;8.81;28.44;c;;n;;;f;f;p;d;a
p;3.27;f;;n;f;x;c;p;8.87;4.09;;;p;;;f;f;;l;a
p;18.85;x;s;e;f;p;;y;5.87;38.49;;;n;;;f;f;;d;a
e;11.71;f;;n;t;;;w;12.63;19.85;b;;w;u;w;t;g;;d;a
e;7.55;x;d;n;t;p;;y;8.41;18.44;;;y;;;f;f;;d;a
e;15.54;s;s;n;f;a;d;y;6.5;16.71;;;w;;;f;f;w;d;u
e;9.59;x;i;n;t;e;;p;9.16;18.64;;y;w;;;t;l;;d;a
e;4.02;x;;r;f;a;;r;6.1;7.68;;;l;;;f;f;;d;a
e;0.96;p;g;g;f;;;g;2.42;1.34;;;w;;;f;f;;d;s
p;5.36;f;;g;f;d;c;y;5.68;9.41;b;;n;;;f;f;;d;w
p;3.06;f;y;n;f;e;c;n;3.77;3.34;;k;w;;;t;e;;m;a
e;3.88;f;y;g;f;s;;w;3.76;6.5;;;w;;;f;f;;d;u
e;4.64;b;g;n;f;a;d;g;4.68;3.17;;s;g;;;f;f;;d;a
p;7.1;x;w;e;f;x;;w;13.61;7.63;r;g;n;;;f;f;;d;a
p;1.75;x;i;l;f;a;;p;4.32;2.61;;;w;;;f;f;p;g;a
e;5.57;b;h;g;f;s;d;g;4.25;9.79;;s;g;;;f;f;;d;a
p;3.07;f;;e;f;x;;w;4.45;5.65;;;w;;;f;f;;d;a
p;0.58;x;g;o;f;;;y;3.69;0.81;;;w;;;f;f;;d;u
p;0.95;b;t;y;f;;c;k;3.68;2.61;;;n;;;t;f;;g;a
e;5.33;x;t;n;f;a;d;n;5.86;5.25;;t;g;;;t;l;;d;u
p;0.7;x;g;e;f;a;;n;4.14;1.0;;s;k;;;f;f;;d;u
e;7.72;f;s;u;f;a;c;w;4.86;16.45;;;w;;;f;f;;d;u
e;6.99;x;h;n;f;a;d;n;6.61;5.62;;t;w;;;t;l;;d;w
e;3.57;f;t;n;f;a;d;w;6.49;5.12;;s;n;;;f;f;;d;a
e;6.13;x;t;y;t;x;c;y;7.72;16.6;;;w;;;f;f;;d;u
p;2.56;x;;w;f;x;c;p;7.72;3.52;;;p;;;f;f;;l;a
e;4.09;x;t;n;f;d;;o;6.36;8.37;;t;w;;;f;f;;d;w
e;11.7;p;y;w;f;;;w;20.07;18.87;s;;n;;;t;m;;m;u
p;1.43;x;;n;f;;;n;5.07;2.3;;s;n;;;f;f;k;g;u
p;9.25;f;h;r;f;;c;w;11.07;16.25;;;w;u;w;t;p;;d;u
p;7.05;s;d;o;f;d;c;y;4.26;7.66;;;o;;;f;f;;d;u
e;3.7;x;k;n;f;p;;n;4.7;10.64;;;n;;;f;f;;d;a
p;8.52;x;t;e;f;x;d;w;6.5;18.25;b;;w;;;f;f;;d;a
p;7.23;x;e;n;f;a;;n;12.59;14.67;s;;n;;e;f;f;;d;a
e;6.99;f;s;n;f;s;c;w;6.11;10.41;b;i;w;;;f;f;;m;u
p;7.79;s;;r;t;d;;o;5.97;12.87;;;w;;;t;f;;d;u
p;5.48;x;t;n;f;a;c;n;5.49;6.77;;y;o;;;t;z;;d;w
p;2.06;b;;n;f;a;;g;4.94;1.99;;s;n;;;f;f;;d;u
p;4.58;x;s;g;t;s;d;w;5.41;15.33;r;y;n;;;f;f;;d;a
p;8.44;b;t;w;f;e;c;w;13.97;13.46;;y;w;u;w;t;e;;d;a
p;1.75;b;h;n;f;a;;n;5.28;1.77;;t;n;;;f;f;;d;u
e;9.23;p;s;w;f;e;c;p;16.89;12.77;;s;w;;;t;e;;g;s
p;16.19;f;s;k;f;p;;y;5.09;33.16;;;n;;;f;f;;d;w
e;4.08;x;h;n;f;;c;k;6.63;7.38;;s;w;;w;f;f;k;d;u
e;45.84;o;y;y;f;p;;y;5.75;26.36;;k;n;;;f;f;;d;s
p;3.53;f;d;n;f;x;c;w;5.0;3.26;b;i;n;;;f;f;;d;a
p;18.58;f;s;n;f;p;;y;5.58;41.79;;;n;;;f;f;;d;a
e;25.98;f;y;w;f;;;w;25.6;18.58;s;;n;;;t;m;;m;u
e;9.12;s;;n;f;;;w;5.1;24.28;;;n;;;f;f;;d;u
e;1.43;x;s;n;f;a;;w;5.75;1.71;;t;y;;;f;f;;g;u
e;8.86;o;;n;f;;;w;5.04;23.89;;;n;;;f;f;;d;a
e;5.52;x;h;o;f;a;d;y;7.88;5.85;;s;o;;;f;f;;d;a
e;8.04;x;t;y;f;p;;y;8.11;15.45;;;y;;y;t;;;d;a
p;0.83;x;g;y;f;;;y;3.6;0.84;;;w;;;f;f;;d;a
p;3.03;o;;g;f;f;f;f;3.96;17.12;;g;g;;;f;f;;d;u
p;4.46;f;l;e;f;x;d;y;6.51;5.0;;;y;;;f;f;;d;a
e;16.22;x;e;n;t;e;;w;10.61;17.6;;;w;;;t;;;g;a
e;1.34;s;y;n;f;d;d;p;5.39;2.46;;i;n;;;f;f;;l;a
p;0.76;f;;o;f;d;;o;5.13;1.06;;;y;;;f;f;w;g;u
p;6.97;c;k;y;t;x;c;r;8.18;13.35;;;w;;;f;f;;g;u
p;4.5;f;;p;f;x;;w;5.22;7.11;;;w;;;f;f;;d;u
e;8.38;f;e;b;f;;c;b;4.66;20.05;;;w;;;t;f;;d;a
p;6.61;b;t;w;f;e;c;w;12.4;11.66;;y;w;u;w;t;l;;d;a
p;4.1;f;l;e;f;x;d;e;6.78;5.31;;;n;;;f;f;;l;u
p;10.69;x;t;r;t;d;c;b;4.63;21.69;;;r;;;f;f;;g;u
p;2.84;o;;g;f;f;f;f;3.69;15.23;;g;g;;;f;f;;d;a
p;0.62;x;g;y;f;;;y;3.36;0.75;;;w;;;f;f;;d;a
e;6.5;b;h;k;f;s;d;w;4.94;10.38;;s;g;;;f;f;;d;u
e;5.88;f;h;o;f;a;d;w;7.62;6.88;;k;o;;;f;f;;d;w
e;5.24;x;h;n;f;x;c;w;5.86;6.04;;y;n;;;t;r;;d;w
e;11.7;x;;n;t;;;w;12.11;19.9;b;;w;u;w;t;g;;d;u
e;5.39;o;l;n;f;f;f;f;6.06;41.52;;;n;;;f;f;g;d;u
p;1.85;p;t;n;f;a;c;g;7.01;2.46;;t;y;;;t;e;;m;u
p;4.6;c;i;y;f;;c;r;6.14;8.1;;;w;;;f;f;;d;u
e;11.27;f;;u;f;s;c;b;7.27;19.46;;;u;;;f;f;;l;w
e;2.96;f;d;n;t;d;c;p;3.99;5.46;;;n;;;f;f;;d;a
p;3.01;x;t;n;f;s;c;n;5.57;7.11;;;w;;n;t;z;;d;u
p;8.18;b;t;w;f;e;c;w;13.42;14.1;;y;w;u;w;t;l;;d;u
p;11.91;f;;g;f;e;;w;10.89;15.15;;;w;u;w;t;g;;d;u
p;4.81;p;s;n;f;;;w;8.88;12.78;;s;w;;;t;z;;g;u
e;4.43;f;;w;f;x;c;w;5.92;3.64;;;w;;;f;f;;d;a
e;5.39;s;;n;f;d;c;w;4.77;7.77;;s;w;;;f;f;;h;a
p;4.33;s;k;y;f;p;;n;2.98;4.57;;k;n;;;t;f;;d;u
p;2.0;b;g;n;f;;c;n;5.4;2.79;;;n;;;f;f;;m;a
e;6.63;x;d;y;t;p;;y;6.74;12.64;;;y;;;f;f;;d;a
p;5.58;x;i;e;f;e;;k;6.46;7.5;;;o;;;f;f;;g;a
p;8.0;o;t;o;f;;c;y;1.76;15.39;;;y;;;f;f;;d;a
e;8.07;f;h;n;f;s;;y;8.9;13.1;;t;o;;;f;f;;d;a
p;9.1;f;;y;f;x;c;n;7.02;12.48;;;w;;;f;f;;d;u
p;4.33;o;;w;f;f;f;f;5.35;29.62;;g;w;;;t;f;;p;u
e;6.79;x;d;n;t;p;;y;5.9;12.94;;;e;;;f;f;;d;u
p;4.4;f;;n;f;x;c;p;8.4;4.35;;;n;;;f;f;;d;a
p;2.98;b;w;y;f;a;;y;5.49;6.92;;t;r;;;f;f;;d;u
p;9.36;f;h;r;f;;c;w;10.57;14.57;;;w;u;w;t;p;;d;u
p;3.7;b;;g;f;a;;k;9.73;2.52;;;n;;w;f;f;k;g;u
e;8.12;x;s;n;f;e;c;p;6.88;10.0;;i;w;;;f;f;p;d;s
p;2.31;o;l;g;f;f;f;f;0.0;0.0;f;f;f;;;f;f;;d;s
p;4.36;x;t;n;f;a;c;n;5.43;7.13;;y;o;;;t;z;;d;w
p;1.67;x;k;n;f;;;n;5.42;1.86;;;n;;;f;f;;d;w
p;6.31;o;e;o;f;;c;y;1.48;15.97;;;y;;;f;f;;d;a
p;6.09;x;;n;f;p;;p;9.44;24.9;c;;n;;;f;f;w;d;u
e;7.65;s;l;w;f;d;;w;3.37;7.81;;;w;;;f;f;;d;u
e;10.91;s;t;o;t;d;c;o;7.38;19.01;;;w;;;f;f;;d;a
p;8.12;s;h;r;t;d;;w;4.82;14.59;;t;r;;;f;f;;d;a
p;2.14;o;;g;f;f;f;f;3.35;13.66;;g;n;;;f;f;;d;a
e;1.47;x;w;g;f;;d;k;4.95;2.52;;;w;;;f;f;;d;a
e;3.97;b;g;n;f;x;d;w;4.56;3.24;;;y;;;f;f;;g;a
e;8.14;x;s;w;f;s;c;w;7.96;30.43;;;w;;;f;f;;d;u
e;5.82;x;y;n;f;e;c;p;6.12;9.77;;y;n;;;f;f;;d;u
p;5.5;x;;p;f;;c;w;3.25;12.29;;;y;;;f;f;;d;a
e;8.27;f;d;w;f;s;c;w;6.55;25.86;;;w;;;f;f;;m;s
e;20.97;p;w;n;f;p;;w;19.18;82.67;;;n;;;f;f;;d;u
p;2.02;x;i;k;f;a;;w;5.55;2.75;;;w;;;f;f;p;g;u
p;2.27;f;;w;f;a;c;n;3.12;3.43;;i;w;;;f;f;;p;a
p;6.28;x;t;e;f;x;;w;13.9;6.27;r;g;n;;;f;f;;d;a
p;7.81;x;y;n;f;a;c;y;9.42;12.92;;y;y;;;t;;;d;a
e;4.72;f;g;g;f;a;d;g;4.73;3.08;;s;n;;;f;f;;d;w
e;3.23;x;s;o;f;a;c;o;4.5;6.28;;;e;;;f;f;;m;u
p;11.74;x;e;y;f;a;;o;10.07;18.75;r;;y;;;t;r;n;d;w
e;8.0;x;h;n;t;p;;y;7.65;17.97;;;n;;w;t;p;;d;u
p;4.11;f;l;y;f;x;d;y;6.67;5.15;;;n;;;f;f;;d;a
p;5.75;f;k;y;f;p;;n;3.37;5.35;;k;n;;;t;f;;d;u
e;5.95;f;h;g;f;s;d;w;5.01;10.43;;s;g;;;f;f;;d;a
e;6.4;s;w;y;f;f;f;f;5.25;11.48;;;y;;;f;f;;d;u
e;9.46;f;e;b;f;;c;b;5.36;18.13;;;w;;;t;f;;d;a
p;7.88;o;k;n;f;;c;o;1.32;11.83;;;y;;;f;f;;d;a
p;8.33;x;y;w;t;;;g;6.95;13.72;s;;w;;;t;l;;g;u
e;7.44;x;h;y;t;x;c;y;7.37;15.42;;;w;;;f;f;;d;a
e;6.24;f;h;g;f;s;d;g;5.77;11.13;;s;g;;;f;f;;d;u
e;9.24;x;h;n;f;p;d;y;6.64;12.69;;s;n;;;f;f;;h;u
p;3.18;x;d;w;f;d;d;w;3.48;2.52;;h;w;;;f;f;;g;u
e;6.11;x;t;y;t;x;c;y;6.88;14.15;;;w;;;f;f;;d;a
e;4.01;x;t;n;f;d;;o;6.08;7.6;;t;o;;;f;f;;d;a
p;4.83;o;s;w;f;;c;w;0.0;0.0;f;f;f;;;f;f;n;d;a
p;1.08;x;g;w;f;a;d;w;3.49;1.83;;;e;;;f;f;;d;u
p;3.38;f;l;y;f;x;d;n;5.38;5.02;;;n;;;f;f;;l;u
e;5.89;s;l;n;f;f;f;f;9.16;69.91;;;n;;;f;f;g;l;w
e;6.92;x;s;w;f;s;c;w;7.23;32.39;;;w;;;f;f;;d;s
p;6.98;s;t;p;t;d;c;p;6.8;12.95;;;p;;;t;f;;d;a
p;5.27;x;s;k;f;e;;k;5.88;6.82;;;y;;;f;f;;g;u
p;3.64;b;t;n;f;;;n;9.46;5.42;;;w;;;t;;k;g;w
p;3.34;o;l;g;f;f;f;f;0.0;0.0;f;f;f;;;f;f;;d;a
p;3.67;s;w;o;t;d;c;y;3.23;6.07;;;n;;;f;f;;d;u
e;47.82;o;y;y;f;p;;y;7.79;46.34;;k;k;;;f;f;;d;s
e;6.56;x;t;g;f;a;d;n;6.67;5.79;;t;w;;;t;l;;d;w
p;3.01;b;t;r;f;a;;y;5.1;6.39;;t;r;;;f;f;;g;a
p;9.1;f;h;e;f;x;d;w;7.38;18.85;b;;w;;;f;f;;d;u
p;4.38;x;;p;f;x;;w;5.5;5.96;;;w;;;f;f;;d;a
p;3.54;x;y;y;f;a;;w;5.8;3.7;;y;n;;;t;r;;g;a
p;7.39;x;y;n;f;a;c;n;11.64;11.8;;y;y;;;t;;;d;a
p;4.53;b;s;y;f;;c;y;9.37;8.06;;;y;u;w;t;z;k;d;w
p;0.64;x;g;n;f;a;;p;4.08;0.97;;s;k;;;f;f;;d;w
e;2.43;b;y;n;f;;c;k;5.78;2.54;;;w;;;f;f;;d;w
p;12.07;x;d;o;f;a;;o;11.04;20.98;r;;y;;;t;r;n;d;a
e;8.19;p;;n;f;a;;w;6.71;12.44;;;w;;;f;f;;d;a
e;3.07;b;y;n;f;;c;k;6.97;3.42;;;w;;;f;f;;d;u
e;5.47;f;s;o;f;d;d;b;6.71;12.49;;;w;;;f;f;;d;a
e;1.3;c;g;n;f;a;;w;4.98;1.54;;;g;;;f;f;;l;u
e;10.11;x;t;n;f;p;d;y;8.79;13.56;;s;n;;;f;f;;h;u
e;4.57;x;;w;f;x;c;n;8.75;9.4;b;;w;;w;t;;;d;a
p;15.02;f;h;o;f;e;;w;16.62;16.6;s;y;w;u;w;t;g;;d;u
e;8.88;x;h;y;t;x;c;y;8.93;18.13;;;w;;;f;f;;d;u
p;11.71;x;t;n;f;a;d;w;9.5;27.68;;;w;;;f;f;;d;u
e;6.48;o;;n;f;;;w;3.5;22.43;;;n;;;f;f;;d;a
p;4.35;x;t;y;f;a;c;y;5.94;6.92;;g;o;;;f;f;;g;u
p;1.51;x;g;n;f;d;d;n;2.22;2.55;;s;n;;;f;f;;h;a
e;8.61;p;y;w;f;e;c;p;12.12;12.32;;s;w;;;t;e;;d;w
p;7.16;f;y;e;f;s;c;y;6.01;18.75;;y;u;;;f;f;;d;a
e;12.56;s;;w;t;d;c;p;6.93;25.78;;;w;;;f;f;;d;u
e;5.12;x;t;o;f;a;d;w;8.61;5.69;;k;o;;;f;f;;d;w
e;6.9;f;s;n;f;s;c;w;6.18;8.56;b;i;n;;;f;f;;g;u
e;3.72;f;d;n;t;d;c;p;5.22;5.98;;;n;;;f;f;;d;u
p;4.56;b;y;n;f;;c;w;5.99;4.59;s;s;w;;;f;f;;d;a
e;9.6;p;i;n;t;e;;p;9.38;18.09;;y;w;;;t;l;;l;a
p;5.54;b;t;w;f;e;c;w;9.94;10.12;;y;w;u;w;t;l;;d;a
p;1.54;f;h;n;f;;;n;7.29;2.62;;;y;;;f;f;;g;a
p;3.25;x;y;y;f;a;;w;5.36;3.33;;y;n;;;t;r;;g;a
p;3.89;c;i;y;f;;c;r;6.11;6.94;;;w;;;f;f;;d;a
e;10.27;x;i;n;t;e;;p;9.11;19.14;;y;w;;;t;p;;d;a
e;6.45;c;;n;f;f;f;f;5.8;19.86;;;n;;;f;f;;l;s
p;7.2;c;k;y;t;x;c;r;6.98;13.26;;;w;;;f;f;;g;u
p;1.64;x;;n;f;;;k;5.26;2.51;;s;n;;;f;f;k;g;u
e;7.28;x;;g;t;p;;g;10.21;22.38;;y;w;;;f;f;;d;u
e;1.3;c;g;n;f;a;;g;5.08;1.55;;;g;;;f;f;;l;a
e;5.5;s;;n;f;d;c;w;4.15;6.82;;s;w;;;f;f;;h;u
p;15.67;s;d;n;f;d;c;y;6.4;32.49;;k;k;;;f;f;;d;a
p;3.23;o;l;g;f;f;f;f;0.0;0.0;f;f;f;;;f;f;;d;w
p;5.19;c;i;y;f;;c;r;6.15;7.15;;;w;;;f;f;;d;a
e;7.97;p;;n;f;a;;w;7.13;13.77;;;w;;;f;f;;g;a
p;6.36;s;t;n;f;x;c;y;4.11;13.12;;;y;;;f;f;;d;a
p;0.61;x;g;o;f;;;y;3.46;0.82;;;w;;;f;f;;d;u
p;3.94;x;k;w;f;s;;p;4.15;3.28;;;n;;;f;f;p;g;a
e;4.76;f;g;g;f;a;d;g;7.42;4.55;;s;g;;;f;f;;d;u
e;19.3;f;y;w;f;;;w;28.18;20.98;s;;n;;;t;m;;d;a
e;10.16;s;;n;f;;;w;4.98;24.42;;;n;;;f;f;;d;a
e;4.55;x;;y;f;a;c;o;4.45;8.91;;;w;;;f;f;;d;a
p;3.44;x;s;y;f;;c;r;7.86;7.99;;;y;u;w;t;z;k;d;u
p;6.29;x;e;e;f;a;;g;8.07;10.5;;;e;;w;t;z;;d;a
e;10.74;s;s;u;f;x;;n;7.09;24.75;;;p;;;f;f;;d;a
e;8.14;x;;g;f;s;c;p;6.51;19.1;b;;u;;;f;f;;d;w
e;7.37;p;;g;f;a;;w;7.83;13.63;;;g;;;f;f;;g;u
e;8.17;x;h;n;f;p;d;y;6.73;12.45;;s;n;;;f;f;;h;u
e;5.49;x;;w;f;x;c;n;8.37;10.26;b;;n;;w;t;;;d;u
e;15.21;x;e;n;t;e;;w;9.35;17.69;;;w;;;t;;;g;a
p;4.8;f;;y;f;x;;w;5.81;6.93;;;w;;;f;f;;d;u
p;1.34;x;;n;f;;;n;4.39;2.22;;s;n;;;f;f;k;g;u
p;13.17;x;;g;f;e;;w;11.22;15.94;;;w;u;w;t;g;;d;a
p;7.61;x;;g;t;x;;n;9.38;21.08;s;;g;;u;f;f;;d;a
e;10.17;s;t;w;t;d;c;o;6.87;18.0;;;w;;;f;f;;d;u
p;8.71;x;e;n;f;a;;n;7.98;14.23;s;;n;;e;f;f;;h;a
e;3.51;x;h;n;f;;c;n;5.6;6.56;;s;w;;w;f;f;k;d;u
p;5.31;b;k;n;f;d;c;y;5.23;5.88;;i;y;;;t;;;d;u
e;2.98;x;d;n;f;p;;e;4.69;10.29;;;y;;;f;f;;d;a
p;8.03;f;d;n;t;d;c;w;7.54;10.88;;;e;;;f;f;;d;a
p;4.66;x;;b;f;x;;w;5.81;6.73;;;w;;;f;f;;d;a
p;8.45;x;y;w;t;;;w;9.03;16.13;s;;w;;;t;l;;d;a
p;15.01;s;t;n;t;d;c;n;5.15;27.29;;;r;;;f;f;;d;u
p;3.19;x;;w;f;x;c;p;7.09;3.96;;;p;;;f;f;;l;a
p;10.54;x;e;y;t;p;;e;8.3;26.79;;;e;;;f;f;;d;a
p;3.15;b;s;y;f;;c;r;6.01;6.58;;;y;u;w;t;z;r;d;u
p;6.75;x;s;n;t;s;d;r;5.46;13.67;r;i;w;;;f;f;;d;u
e;0.57;c;g;n;t;a;;p;4.65;0.98;;;n;;;f;f;;h;u
p;1.73;x;i;k;f;a;;w;2.38;2.15;;;w;;;f;f;p;g;a
e;11.84;x;h;n;t;p;;y;7.6;23.02;;;n;;;f;f;;d;u
e;2.94;b;y;n;f;;c;n;6.86;3.21;;;w;;;f;f;;d;w
p;4.95;x;;y;f;s;d;y;5.64;9.67;;i;y;;;f;f;;d;a
p;2.88;b;y;w;f;e;c;w;5.01;3.59;;k;w;;;t;e;;d;u
p;12.14;x;y;y;f;a;;y;13.14;25.63;r;;y;;;t;r;n;d;w
p;6.97;x;;n;t;x;;u;7.89;18.65;s;;u;;u;f;f;;d;a
p;1.73;x;i;l;f;a;;p;2.94;2.27;;;w;;;f;f;p;g;u
e;6.46;f;s;u;f;a;c;w;4.27;14.06;;;w;;;f;f;;d;a
p;7.84;x;i;n;f;a;c;n;9.46;8.39;;i;n;;k;t;z;k;d;a
p;2.47;c;;w;f;a;c;w;3.77;3.56;;i;u;;;f;f;;p;u
e;6.93;f;t;n;f;s;;y;9.01;12.08;;t;o;;;f;f;;d;a
p;0.83;x;g;y;f;;;y;3.64;0.84;;;y;;;f;f;;d;a
p;5.82;p;;n;f;p;;p;8.79;29.87;c;;n;;;f;f;p;d;a
p;1.52;x;g;y;f;d;d;n;2.2;2.6;;s;n;;;f;f;;d;u
p;14.8;x;h;n;t;p;;y;8.96;30.09;c;;y;;;f;f;;d;a
e;1.41;x;t;y;f;d;;w;5.83;1.69;;t;y;;;f;f;;d;u
p;3.38;f;y;n;f;e;c;n;4.39;3.43;;k;w;;;t;e;;m;a
e;10.42;x;i;n;t;e;;p;9.38;17.59;;y;w;;;t;p;;d;a
p;2.93;o;l;g;f;f;f;f;0.0;0.0;f;f;f;;;f;f;;d;w
p;3.96;x;;y;f;x;;w;5.25;6.93;;;w;;;f;f;;d;a
p;0.55;x;g;y;f;;;y;3.47;0.8;;;w;;;f;f;;d;a
e;4.75;x;;r;f;d;;r;6.1;7.57;;;w;;;f;f;;d;a
p;21.02;x;s;k;f;p;;y;5.06;34.36;;;n;;;f;f;;d;a
e;3.62;s;;y;f;f;f;f;6.86;8.44;;;y;;;f;f;;d;a
p;8.18;f;h;e;f;x;d;w;6.9;18.34;b;;w;;;f;f;;d;u
e;17.76;f;y;n;f;;;w;23.39;19.44;s;;n;;;t;m;;d;a
p;6.37;s;d;y;f;d;c;o;4.08;7.27;;;y;;;f;f;;h;u
e;12.41;x;s;r;f;x;;n;8.0;24.03;;;w;;;f;f;;d;a
e;4.16;x;;w;f;d;;r;5.24;7.34;;;r;;;f;f;;d;a
e;5.65;f;h;k;f;s;d;w;5.24;9.72;;s;g;;;f;f;;d;a
e;11.78;p;y;w;f;;;w;18.56;16.87;s;;n;;;t;m;;m;a
e;1.16;f;g;e;t;a;;p;6.42;1.06;;;n;;;f;f;;h;a
e;11.43;x;e;y;f;x;c;w;7.51;18.7;;;w;;;f;f;;d;u
e;9.77;x;s;n;f;e;c;w;7.56;10.66;;i;n;;;f;f;p;d;w
e;0.96;b;g;g;f;;;g;3.08;1.53;;;w;;;f;f;;d;u
e;49.66;o;y;y;f;p;;y;7.44;33.13;;k;n;;;f;f;;d;u
p;5.98;x;s;o;f;e;;y;7.47;8.89;;;o;;;f;f;;m;u
p;3.93;b;y;e;f;e;c;w;4.77;3.39;;k;w;;;t;e;;m;a
p;1.79;x;i;k;f;a;;w;3.14;2.31;;;w;;;f;f;p;g;a
p;8.74;x;e;n;f;a;;n;7.23;15.52;s;;n;;e;f;f;;d;a
p;3.36;f;d;y;f;a;;r;5.11;6.29;;t;r;;;f;f;;g;a
p;16.61;x;k;w;t;d;d;w;7.14;28.99;;;w;;;f;f;;d;u
p;3.51;b;s;y;f;;c;r;8.85;8.34;;;y;u;w;t;z;k;d;s
p;3.92;x;h;n;f;a;c;n;3.99;6.42;;y;o;;;t;z;;d;a
p;6.42;x;;g;t;x;;u;7.69;18.68;s;;g;;u;f;f;;d;a
p;5.55;b;d;n;f;d;c;n;5.48;6.56;;i;y;;;t;;;d;u
e;52.61;o;y;y;f;p;;y;7.67;43.42;;k;k;;;f;f;;d;s
e;4.64;x;;y;f;a;c;o;3.71;8.65;;;w;;;f;f;;d;a
p;17.38;f;h;o;f;e;;w;17.53;18.3;s;y;w;u;w;t;g;;d;u
p;3.85;b;t;n;f;x;c;p;6.17;3.94;;i;g;;;f;f;;d;a
e;6.1;x;;y;f;a;c;w;5.76;15.0;;;w;;;f;f;;d;w
e;7.87;s;l;w;f;d;;p;3.62;9.86;;;w;;;f;f;;d;a
p;12.75;x;s;n;t;p;;e;7.67;27.09;c;;y;;;f;f;;d;u
p;4.34;x;t;n;f;s;c;p;5.49;10.1;;;w;;n;t;z;;d;a
e;9.29;s;;g;f;s;c;u;7.18;19.8;;;u;;;f;f;;l;a
e;9.85;x;h;n;t;p;;y;9.79;19.6;;;n;;w;t;p;;d;a
p;8.97;s;t;p;t;d;c;p;7.99;13.73;;;p;;;t;f;;d;a
p;3.36;x;t;n;f;s;c;p;5.52;7.66;;;w;;n;t;z;;d;a
p;13.59;x;g;o;f;e;;w;18.58;18.87;s;y;w;u;w;t;p;;d;w
e;3.18;x;;b;f;;d;w;7.35;5.5;;;w;;;f;f;;d;u
p;16.04;x;e;n;t;p;;o;10.6;34.11;c;;y;;;f;f;;d;u
p;8.07;x;t;n;f;s;;n;5.53;7.83;;y;n;;;f;f;;d;a
e;5.05;x;h;y;t;x;c;y;7.26;14.88;;;w;;;f;f;;d;a
p;1.71;o;k;n;f;;;n;3.88;1.47;;;n;;;f;f;;d;w
p;2.82;f;;w;f;a;c;w;3.76;3.53;;i;u;;;f;f;;d;a
p;5.73;s;d;n;t;d;c;w;7.73;8.18;;;n;;;f;f;;d;a
e;7.75;x;;y;f;a;c;w;6.3;17.24;;;w;;;f;f;;d;a
p;5.08;c;e;w;t;x;c;y;3.78;11.21;;;w;;;f;f;;d;u
p;10.99;x;;n;f;p;;w;9.56;30.08;c;;n;;;f;f;w;d;u
p;7.55;s;h;n;t;d;;w;4.58;13.54;;t;r;;;f;f;;d;a
e;10.12;x;;n;t;;;w;9.83;16.28;b;;w;u;w;t;g;;d;a
e;5.15;c;;g;f;f;f;f;4.41;16.98;;;n;;;f;f;;l;s
p;2.9;b;y;w;f;e;c;w;3.72;3.19;;k;w;;;t;e;;d;a
e;3.25;f;s;w;f;d;d;w;3.25;5.06;;;w;;;f;f;;g;a
e;7.66;f;;b;f;d;c;w;2.26;13.11;;;w;;;f;f;;d;w
e;13.86;s;;w;t;d;c;p;5.57;23.63;;;w;;;f;f;;d;a
e;3.88;o;l;n;f;f;f;f;6.29;37.19;;;n;;;f;f;g;d;a
e;8.62;x;s;n;t;p;;y;7.03;17.45;;;n;;w;t;p;;d;u
e;10.76;x;y;n;t;e;;p;9.09;18.17;;y;w;;;t;l;;d;a
p;4.08;o;;w;f;f;f;f;5.83;31.65;;g;w;;;t;f;;d;a
e;2.99;f;t;o;f;a;d;y;5.98;5.37;;s;o;;;f;f;;d;s
e;5.7;p;s;w;f;e;c;k;5.58;12.98;;;w;;w;t;e;;m;u
e;3.09;b;y;n;f;;c;n;7.31;3.33;;;w;;;f;f;;d;a
e;10.97;s;s;u;f;x;;n;6.25;20.67;;;n;;;f;f;;d;u
e;5.89;x;;n;f;x;c;n;8.19;10.05;b;;w;;w;t;;;d;u
e;5.55;f;y;n;f;s;;w;5.32;8.5;;;w;;;f;f;;d;a
e;5.4;x;h;n;f;e;;w;11.87;11.31;;s;n;u;w;f;f;;d;a
e;8.5;f;s;w;f;s;c;w;7.82;27.66;;;w;;;f;f;;m;u
p;4.37;f;t;n;f;x;c;p;6.23;4.77;;i;n;;;f;f;;d;u
e;15.26;x;s;n;t;e;;g;9.04;16.98;s;;w;;;t;r;;m;a
p;1.64;x;i;k;f;a;;p;4.09;2.2;;;w;;;f;f;p;g;u
p;12.03;x;s;g;f;s;;p;7.71;17.0;;i;n;;;f;f;;d;u
e;7.82;x;;g;f;a;;w;7.6;13.98;;;g;;;f;f;;g;a
p;8.57;x;y;w;t;;;p;7.99;12.05;s;;w;;;t;l;;d;a
p;8.81;o;;e;f;f;f;f;3.48;25.86;;g;n;;;f;f;;d;s
p;4.86;o;;w;f;f;f;f;5.55;32.57;;g;w;;;t;f;;d;u
p;7.67;f;y;y;f;s;c;y;5.34;18.13;;y;e;;;f;f;;d;a
p;1.35;x;g;n;f;d;d;n;1.62;2.0;;s;n;;;f;f;;h;a
e;10.06;x;t;n;t;p;;y;7.93;18.85;;;n;;w;t;p;;d;u
e;2.93;x;;u;f;;d;u;5.87;4.41;;;w;;;f;f;;d;u
p;9.46;f;h;r;f;;c;w;11.14;14.51;;;w;u;w;t;g;;d;a
p;3.52;f;l;y;f;x;d;n;4.83;4.62;;;n;;;f;f;;d;u
e;20.98;p;d;e;f;p;;w;17.29;35.42;s;y;w;;;f;f;;d;u
p;5.9;s;k;y;f;p;;n;3.83;5.04;;k;n;;;t;f;;d;u
p;3.18;b;;g;f;a;;k;8.96;2.64;;;n;;w;f;f;k;g;u
p;3.87;b;y;w;f;e;c;n;4.69;3.5;;k;w;;;t;e;;d;a
p;1.35;b;h;n;f;a;;n;3.68;1.15;;t;n;;;f;f;;h;u
e;12.1;s;;w;t;d;c;p;6.87;27.73;;;w;;;f;f;;d;a
e;6.98;f;;p;f;x;c;w;7.7;17.43;;s;w;;;f;f;;d;a
p;1.36;x;g;y;f;d;d;n;2.13;2.4;;s;n;;;f;f;;h;a
e;9.14;s;t;o;t;d;c;o;5.54;16.6;;;w;;;f;f;;d;a
p;1.11;b;t;y;f;;c;g;4.06;2.72;;;n;;;t;f;;m;a
p;4.4;x;h;l;f;s;c;n;6.28;7.06;;y;w;;;t;e;k;d;u
e;8.29;x;d;e;t;p;;r;5.59;12.57;;;y;;;f;f;;d;u
p;6.13;x;s;g;t;s;d;w;5.22;15.33;r;y;w;;;f;f;;d;u
p;3.42;f;d;n;f;x;c;y;4.87;3.27;b;i;n;;;f;f;;d;a
p;9.49;f;t;k;t;d;c;b;4.09;20.15;;;g;;;f;f;;g;a
e;10.74;x;s;e;f;d;d;w;10.0;18.33;;i;n;;;t;;w;d;a
e;2.75;x;s;p;f;a;c;e;4.0;6.28;;;e;;;f;f;;g;a
p;3.61;b;y;n;f;;c;g;4.96;4.15;s;s;w;;;f;f;;d;a
p;5.34;b;t;w;f;e;c;w;10.78;11.12;;y;w;u;w;t;l;;d;u
p;6.68;s;;y;t;d;;o;4.98;11.13;;;w;;;t;f;;d;u
p;7.13;p;g;n;f;e;;w;7.17;13.12;;y;w;u;w;t;p;;d;a
e;6.85;x;y;n;f;e;c;w;6.04;10.31;;y;n;;;f;f;;d;a
p;12.22;x;;n;f;e;;w;10.8;14.88;;;w;u;w;t;e;;d;a
p;3.53;o;;k;f;f;f;f;3.24;14.11;;g;n;;;f;f;;d;u
p;13.57;f;t;g;t;d;c;w;5.27;24.8;;;r;;;f;f;;g;a
p;4.79;c;i;y;f;;c;r;6.85;7.87;;;w;;;f;f;;d;u
p;5.8;f;;n;f;d;c;y;5.93;10.63;b;;n;;;f;f;;d;w
e;2.59;s;y;n;f;d;d;p;6.34;3.53;;i;n;;;f;f;;h;u
e;10.09;x;s;u;f;a;c;w;4.54;17.89;;;w;;;f;f;;d;a
e;13.35;x;e;n;t;e;;w;9.85;17.67;;;w;;;t;;;d;a
p;0.71;x;g;y;f;;;y;3.57;0.73;;;w;;;f;f;;d;a
e;8.84;o;;n;f;;;w;2.92;20.15;;;n;;;f;f;;d;u
e;8.17;x;t;y;f;p;;y;7.42;14.38;;;y;;y;t;;;d;u
p;3.46;x;s;w;f;d;c;w;3.3;8.46;;;w;;;f;f;;g;a
e;10.86;x;s;n;f;a;d;w;8.96;14.77;;i;n;;;t;;w;d;a
p;12.22;x;k;w;t;d;d;n;4.83;19.82;;;w;;;f;f;;d;u
p;3.03;s;s;w;f;d;c;w;3.15;7.61;;;w;;;f;f;;g;a
e;1.59;c;g;n;f;a;;w;5.66;1.58;;;g;;;f;f;;d;a
p;0.92;b;t;y;f;;c;g;3.19;2.35;;;n;;;t;f;;g;u
p;3.68;x;;y;f;x;;w;4.07;6.08;;;w;;;f;f;;d;u
e;9.03;s;;g;f;s;c;g;7.23;20.76;b;;u;;;f;f;;g;a
e;1.16;c;g;n;f;a;;g;4.97;1.33;;;g;;;f;f;;l;a
e;1.28;x;t;y;f;a;;w;5.65;1.61;;t;y;;;f;f;;g;a
p;3.69;o;s;y;f;f;f;f;0.0;0.0;f;f;f;;;t;f;;d;u
e;5.91;x;y;n;f;e;c;w;4.55;9.36;;y;n;;;f;f;;d;u
p;10.18;x;s;w;f;s;;p;7.16;16.86;;i;n;;;f;f;;d;a
p;14.53;x;s;w;f;s;;p;8.62;19.16;;i;n;;;f;f;;d;a
p;0.69;x;g;o;f;;;y;3.49;0.72;;;w;;;f;f;;d;a
e;16.91;p;d;n;f;p;;n;12.82;30.94;s;y;w;;;f;f;;d;u
p;2.87;f;;w;f;a;c;w;4.0;3.58;;i;w;;;f;f;;p;u
e;15.25;x;e;n;t;e;;w;9.25;16.62;;;w;;;t;;;g;a
e;6.27;x;s;b;f;x;c;w;6.31;8.83;;s;n;;;f;f;;l;a
e;5.51;x;t;n;f;a;d;n;5.61;5.13;;t;w;;;t;l;;d;u
e;7.39;f;s;o;f;s;;y;9.04;13.5;;i;o;;;f;f;;d;a
p;2.21;x;g;n;f;a;;p;5.49;2.36;;;n;;;f;f;;d;a
p;6.55;x;e;e;f;a;;w;8.86;9.9;;;n;;w;t;z;;d;a
e;3.62;s;d;g;t;d;c;p;4.71;5.92;;;n;;;f;f;;d;u
e;6.43;x;;w;f;e;;w;6.08;12.15;b;;w;u;w;t;g;;d;a
p;1.37;x;g;n;f;d;d;n;1.88;2.35;;s;n;;;f;f;;h;u
e;7.85;x;d;y;t;p;;r;6.15;12.25;;;y;;;f;f;;d;u
p;3.16;f;;n;f;x;c;p;7.4;3.93;;;p;;;f;f;;d;a
e;9.25;s;t;o;t;d;c;o;5.93;16.87;;;w;;;f;f;;d;a
e;7.7;p;s;w;f;e;c;p;5.25;12.17;;;w;;w;t;e;;m;a
e;5.05;s;;n;f;d;c;w;5.41;8.11;;s;w;;;f;f;;l;u
p;0.83;f;;o;f;d;;o;4.92;1.12;;;o;;;f;f;w;g;a
p;8.78;x;y;y;f;a;c;n;9.59;9.83;;y;n;;;t;;;d;u
e;1.49;f;w;n;f;;d;g;4.76;2.7;;;w;;;f;f;;d;a
p;2.95;s;d;w;f;d;d;p;3.57;2.7;;h;w;;;f;f;;g;a
p;1.77;b;g;o;f;;c;n;6.11;3.24;;;n;;;f;f;;g;a
p;7.67;x;i;y;f;a;c;n;8.38;8.56;;i;n;;k;t;z;k;d;u
e;3.98;b;g;n;f;x;d;w;5.46;3.26;;;y;;;f;f;;g;u
p;15.3;f;h;e;f;e;;w;19.02;18.84;s;y;w;u;w;t;g;;d;w
e;8.92;x;s;n;f;e;c;p;7.37;9.67;;i;n;;;f;f;p;d;a
e;7.77;f;;e;f;x;c;w;8.77;21.01;;s;w;;;f;f;;d;u
e;14.97;x;e;n;t;e;;w;9.71;16.63;;;w;;;t;;;d;a
p;8.72;f;;w;f;x;c;w;10.19;12.4;r;i;w;;;f;f;;d;a
e;5.93;x;h;n;f;x;c;n;6.71;6.15;;s;n;;;t;r;;d;u
e;1.03;x;g;n;t;a;;p;6.3;1.06;;;n;;;f;f;;d;a
e;6.02;o;;n;f;f;f;f;5.0;19.29;;;n;;;f;f;;d;s
e;2.88;x;h;e;f;a;c;o;4.15;6.02;;;e;;;f;f;;m;w
p;4.78;x;;e;f;;c;w;3.45;12.87;;;y;;;f;f;;d;a
e;7.75;f;g;n;f;s;;y;9.19;13.13;;t;o;;;f;f;;d;a
e;1.9;c;g;n;f;a;;g;4.9;1.43;;;g;;;f;f;;d;u
e;7.02;f;y;n;f;e;c;p;4.79;13.4;;;w;;;t;l;;w;u
e;3.65;s;d;p;t;d;c;p;4.42;6.29;;;n;;;f;f;;d;u
e;3.0;x;h;n;f;;c;n;5.19;5.91;;s;w;;w;f;f;k;d;a
e;10.02;f;;l;f;d;c;w;2.51;16.43;;;w;;;f;f;;d;a
e;43.47;o;y;y;f;p;;y;4.28;17.66;;k;k;;;f;f;;d;s
p;4.33;b;t;n;f;x;c;p;6.5;5.19;;i;g;;;f;f;;d;a
p;8.17;x;e;n;f;a;;n;10.27;13.21;s;;n;;n;f;f;;h;a
e;8.48;f;e;b;f;;c;b;4.27;16.48;;;w;;;t;f;;d;a
p;3.94;s;;u;f;a;;w;4.31;6.41;;;w;;;f;f;;d;u
e;6.28;x;h;n;f;x;c;w;5.46;6.3;;y;n;;;t;r;;d;u
p;4.26;f;t;n;f;x;c;p;5.95;4.57;;i;n;;;f;f;;g;u
p;3.9;x;i;e;f;;;e;4.7;6.47;;;e;;;f;f;n;d;a
e;3.69;x;d;e;f;a;c;o;4.38;6.26;;;o;;;f;f;;m;w
p;2.83;f;w;n;t;d;c;y;2.76;4.78;;;n;;;f;f;;d;a
p;9.82;x;e;y;t;p;;o;8.56;23.88;;;e;;;f;f;;d;a
p;14.12;x;s;k;f;p;;y;4.91;28.45;;;n;;;f;f;;d;w
e;3.96;s;;n;f;f;f;f;6.92;8.67;;;o;;;f;f;;d;a
e;10.12;x;s;n;f;e;c;w;7.88;10.02;;i;n;;;f;f;p;d;s
p;0.6;x;;o;f;d;;o;3.89;1.05;;;y;;;f;f;w;g;a
p;1.67;x;;n;f;;;k;5.32;2.57;;s;n;;;f;f;k;g;a
e;4.45;f;g;n;f;a;d;g;6.05;4.36;;s;g;;;f;f;;d;s
e;9.65;p;y;w;f;e;c;k;17.47;12.61;;s;w;;;t;e;;d;w
e;9.94;x;h;y;f;p;;y;8.4;16.44;;;y;;y;t;;;d;a
e;11.44;s;;w;t;d;c;w;6.28;25.99;;;w;;;f;f;;d;u
e;5.41;f;s;n;f;s;c;w;4.59;9.52;b;i;n;;;f;f;;g;a
e;5.35;x;y;g;f;s;;w;4.45;6.41;;;w;;;f;f;;d;u
p;6.82;x;i;y;f;a;c;n;7.53;7.5;;i;n;;k;t;z;k;d;u
e;4.77;f;y;g;f;s;;g;4.98;7.73;;;w;;;f;f;;d;a
e;10.42;p;s;w;f;e;c;w;17.61;13.31;;s;w;;;t;e;;u;a
e;5.9;x;h;n;f;x;c;n;6.89;7.15;;s;n;;;t;r;;d;w
e;1.8;f;y;n;f;d;d;p;4.82;2.36;;i;n;;;f;f;;l;a
p;0.56;x;g;o;f;;;y;3.51;0.69;;;y;;;f;f;;d;u
p;3.13;x;i;e;f;;;e;4.54;4.66;;;e;;;f;f;n;d;a
e;5.14;x;h;n;f;x;c;n;4.86;5.56;;s;n;;;t;r;;d;w
p;5.89;s;;e;t;d;c;b;5.77;5.82;;;n;;;f;f;;d;u
p;3.23;x;y;r;f;s;c;g;5.05;6.92;;y;l;;;t;e;u;g;a
e;4.53;x;;n;f;x;c;w;8.1;9.39;b;;w;;w;t;;;d;s
p;4.83;s;;e;t;d;c;w;4.99;4.85;;;n;;;f;f;;d;u
p;5.01;c;k;w;t;x;c;y;4.39;10.92;;;w;;;f;f;;d;u
e;7.69;x;;n;t;p;;g;12.1;25.57;;y;w;;;f;f;;d;u
e;4.26;x;s;b;f;x;c;w;5.7;9.15;;s;n;;;f;f;;l;a
e;2.81;b;y;n;f;;c;k;5.85;3.24;;;w;;;f;f;;d;u
p;4.79;x;t;y;f;a;c;y;5.86;6.78;;g;o;;;f;f;;g;a
p;6.58;x;y;w;t;;;g;7.89;12.91;s;;w;;;t;l;;g;a
p;0.64;x;;o;f;d;;o;4.9;0.95;;;y;;;f;f;w;g;a
e;1.53;x;s;y;f;d;;w;5.83;1.88;;t;y;;;f;f;;h;u
e;19.29;p;t;n;f;p;;y;16.96;78.95;;;n;;;f;f;;d;a
e;5.57;f;s;o;f;d;d;b;5.79;12.82;;;w;;;f;f;;g;w
p;9.47;x;e;n;f;a;;n;9.69;13.92;s;;n;;n;f;f;;d;a
p;1.47;x;;n;f;;;n;4.8;2.43;;s;n;;;f;f;k;g;a
p;3.57;o;;w;f;f;f;f;5.97;32.15;;g;w;;;t;f;;p;u
e;10.91;f;;n;t;;;w;12.92;19.27;b;;w;u;w;t;g;;d;u
p;4.05;o;s;y;f;f;f;f;0.0;0.0;f;f;f;;;t;f;;d;a
p;7.13;o;e;r;f;;c;y;1.31;12.91;;;y;;;f;f;;d;a
e;10.75;x;h;n;t;p;;y;8.6;22.21;;;n;;;f;f;;d;a
e;46.17;o;y;y;f;p;;y;5.49;25.16;;k;k;;;f;f;;d;u
e;12.68;x;s;e;f;d;d;w;10.06;17.37;;i;n;;;t;;w;d;w
p;3.83;o;s;w;f;;c;w;0.0;0.0;f;f;f;;;f;f;n;d;u
e;3.75;b;y;n;f;;c;k;6.4;3.25;;;w;;;f;f;;d;a
e;2.65;f;d;n;t;d;c;p;4.88;5.95;;;g;;;f;f;;d;a
e;15.94;p;t;n;f;p;;y;15.03;58.45;;;n;;;f;f;;d;u
p;5.89;b;s;g;f;;;w;7.89;11.89;;s;w;;;t;z;;d;u
e;10.65;x;;n;t;;;w;12.51;18.41;b;;w;u;w;t;g;;d;a
e;4.18;f;g;n;f;a;d;g;4.04;3.28;;s;n;;;f;f;;d;s
p;2.92;s;w;n;t;d;c;n;2.76;5.09;;;n;;;f;f;;d;a
p;1.78;b;;n;f;a;;g;5.34;2.27;;s;n;;;f;f;;d;u
e;4.73;b;h;k;f;s;d;g;4.47;10.29;;s;g;;;f;f;;d;a
e;1.53;x;w;g;f;;d;g;4.56;2.42;;;w;;;f;f;;d;w
p;4.18;x;y;n;f;a;;w;5.86;3.55;;y;y;;;t;r;;g;u
p;8.5;x;g;n;f;e;;w;6.69;13.83;;y;w;u;w;t;p;;d;a
e;7.2;f;s;n;f;s;c;w;6.33;10.7;b;i;n;;;f;f;;d;u
e;3.49;x;;y;f;a;c;y;3.08;7.78;;;w;;;f;f;;d;a
e;11.71;s;;l;f;s;c;b;7.09;20.37;;;b;;;f;f;;l;w
p;7.81;b;y;w;f;;;p;15.24;18.17;;;w;;;f;f;;d;a
e;18.33;p;w;n;f;p;;w;15.54;58.57;;;n;;;f;f;;d;u
e;7.88;s;;y;f;a;c;w;5.83;16.18;;;g;;;f;f;;d;w
e;8.68;f;s;w;f;s;c;w;6.17;28.72;;;w;;;f;f;;d;s
e;7.61;x;h;y;f;p;;y;6.94;14.57;;;y;;y;t;;;d;a
e;5.52;x;s;b;f;d;d;o;5.98;12.19;;;w;;;f;f;;g;w
p;12.74;x;t;n;f;a;d;w;11.43;32.89;;;w;;;f;f;;d;u
p;3.73;s;w;u;f;a;c;g;5.45;5.56;;s;u;;;f;f;;l;a
p;9.99;x;h;n;f;s;;p;7.33;18.01;;i;n;;;f;f;;d;a
e;4.2;f;t;n;f;d;;o;5.69;8.0;;t;o;;;f;f;;d;a
p;8.68;f;;y;f;x;c;n;7.02;12.04;;;w;;;f;f;;d;a
p;11.0;x;h;g;f;s;;y;6.17;17.02;;i;n;;;f;f;;d;u
e;20.21;x;t;n;f;a;d;y;7.28;23.35;;;w;;;f;f;w;d;a
p;4.2;c;e;w;t;x;c;y;5.68;11.9;;;w;;;f;f;;d;u
p;4.64;f;k;n;f;p;;n;3.0;5.24;;k;n;;;t;f;;d;u
e;1.6;x;t;y;f;d;;w;5.75;1.92;;t;y;;;f;f;;h;u
p;4.33;x;t;y;f;a;c;y;5.94;7.35;;g;o;;;f;f;;g;a
p;15.76;f;t;r;t;d;c;n;5.25;27.55;;;r;;;f;f;;d;a
p;7.56;x;d;e;t;d;c;n;6.82;8.68;;;n;;;f;f;;d;a
e;10.59;x;;n;t;;;w;12.1;18.03;b;;w;u;w;t;g;;d;a
p;2.6;x;s;g;f;d;c;w;3.09;6.52;;;w;;;f;f;;g;u
e;9.74;f;w;y;f;f;f;f;7.26;19.28;;;y;;;f;f;;d;u
e;9.31;f;y;y;f;;;w;6.71;24.81;b;;n;;w;t;e;;d;a
e;3.53;b;g;g;f;a;d;g;5.67;4.07;;s;n;;;f;f;;d;a
p;0.73;x;g;o;f;;;y;3.71;0.79;;;y;;;f;f;;d;u
e;7.25;x;w;y;f;f;f;f;5.32;11.72;;;y;;;f;f;;d;u
p;3.6;b;s;y;f;;c;r;7.92;7.33;;;y;u;w;t;z;k;d;u
p;4.26;x;t;n;f;s;c;p;6.36;10.11;;;w;;n;t;z;;d;u
e;1.62;x;g;y;f;d;;w;5.9;2.08;;t;y;;;f;f;;d;u
p;22.79;x;g;e;f;p;;y;5.47;33.37;;;n;;;f;f;;d;a
e;9.48;x;e;l;f;x;c;w;7.86;15.53;;;w;;;f;f;;d;a
p;4.08;f;;u;f;a;;w;4.78;7.94;;;y;;;f;f;;d;u
p;7.96;x;i;n;f;a;c;k;8.74;9.0;;i;n;;k;t;z;k;g;a
e;4.76;x;;l;f;a;;r;5.35;6.63;;;r;;;f;f;;d;u
e;6.39;s;l;n;f;f;f;f;7.09;54.26;;;n;;;f;f;g;d;w
e;3.72;x;h;n;f;;c;k;6.26;6.56;;s;w;;w;f;f;k;d;a
p;5.16;p;s;n;f;;;g;9.32;12.56;;s;w;;;t;z;;g;u
e;5.37;b;h;k;f;s;d;g;5.63;10.33;;s;g;;;f;f;;d;u
p;6.49;s;d;n;t;d;c;w;6.25;8.64;;;e;;;f;f;;d;u
e;10.92;f;s;n;f;d;d;w;9.47;15.1;;i;n;;;t;;w;d;u
p;4.16;x;s;y;f;;c;r;8.85;7.62;;;y;u;w;t;z;k;d;w
p;7.18;f;t;e;f;x;d;w;5.31;18.41;b;;w;;;f;f;;d;u
p;2.64;x;i;k;f;a;;p;5.59;3.0;;;w;;;f;f;p;g;u
e;7.53;x;h;y;f;p;;y;6.19;14.64;;;y;;y;t;;;d;a
p;5.46;s;d;o;f;d;c;y;3.33;6.47;;;o;;;f;f;;h;u
e;7.29;x;h;n;f;p;d;y;5.71;11.94;;s;n;;;f;f;;h;a
p;2.98;x;t;l;f;s;c;n;6.16;6.82;;y;n;;;t;e;k;d;u
e;3.39;s;d;g;t;d;c;p;4.66;6.37;;;n;;;f;f;;d;u
p;0.61;x;g;o;f;;;y;3.49;0.66;;;y;;;f;f;;d;a
e;8.39;f;h;n;f;s;;n;9.77;13.2;;t;n;;;f;f;;d;a
p;5.81;b;s;n;f;;;w;10.04;11.42;;s;w;;;t;z;;d;u
e;9.85;f;s;w;f;e;c;k;23.73;12.74;;s;w;;;t;e;;u;a
p;1.42;x;s;y;f;f;f;f;4.88;5.8;;;y;;;f;f;;d;a
p;3.35;b;t;l;f;s;c;g;6.27;6.67;;y;w;;;t;e;u;m;a
p;2.98;s;d;w;f;a;d;w;3.94;2.49;;h;w;;;f;f;;g;a
p;4.07;f;d;b;f;x;c;w;4.82;3.0;b;i;n;;;f;f;;d;u
p;5.86;s;;n;t;d;c;b;6.46;6.54;;;n;;;f;f;;d;a
p;2.94;o;;g;f;f;f;f;3.47;13.85;;g;n;;;f;f;;d;a
p;7.37;x;;g;t;x;;u;8.43;19.41;s;;n;;u;f;f;;d;a
e;7.47;x;y;n;f;e;c;w;5.47;9.72;;y;n;;;f;f;;d;u
e;9.63;x;y;n;t;e;;p;8.12;15.33;;y;w;;;t;p;;d;a
e;14.84;x;y;n;t;e;;w;10.88;17.98;;;w;;;t;;;g;u
p;3.87;b;y;p;f;e;c;n;4.78;3.58;;k;w;;;t;e;;m;u
e;8.37;x;s;w;t;e;;n;7.29;15.67;s;;w;;;t;l;;m;a
e;7.77;x;h;n;f;p;d;y;6.96;12.73;;s;n;;;f;f;;g;u
e;4.46;c;;n;f;f;f;f;5.98;20.44;;;n;;;f;f;;l;s
e;3.99;f;t;n;f;d;;o;6.19;8.04;;t;o;;;f;f;;d;w
e;4.03;f;g;g;f;a;d;g;5.8;3.75;;s;n;;;f;f;;d;w
p;4.1;x;h;o;f;a;c;n;4.89;6.31;;y;o;;;t;z;;d;w
e;6.29;x;;g;t;p;;g;11.51;23.57;;y;w;;;f;f;;d;u
p;6.75;s;;n;t;d;c;p;6.4;7.21;;;e;;;f;f;;d;a
p;7.8;f;;y;f;x;c;y;6.51;12.51;;;w;;;f;f;;d;a
e;9.64;x;e;l;f;x;c;w;6.26;13.14;;;w;;;f;f;;d;a
p;5.59;s;;n;t;d;c;p;6.2;5.88;;;n;;;f;f;;d;u
p;7.15;s;t;n;f;x;c;y;5.57;18.74;;;y;;;f;f;;d;a
p;9.38;s;;y;t;d;;o;4.51;11.47;;;w;;;t;f;;d;a
p;4.1;b;h;n;f;;;n;10.89;6.96;;;w;;;t;;k;g;w
e;9.12;x;s;n;f;e;c;p;5.77;9.44;;i;w;;;f;f;p;d;s
p;7.73;f;t;e;f;x;;w;15.16;7.79;r;g;n;;;f;f;;d;a
e;4.3;f;s;w;f;d;d;w;3.86;7.26;;;w;;;f;f;;m;a
e;6.7;x;y;n;f;e;c;w;6.43;10.73;;y;n;;;f;f;;d;u
p;3.15;f;k;n;f;s;;p;3.88;3.24;;;n;;;f;f;p;g;u
e;9.87;p;i;n;t;e;;p;9.22;18.53;;y;w;;;t;p;;l;a
p;12.31;x;s;y;f;s;;p;7.71;17.81;;i;n;;;f;f;;d;u
e;15.82;x;t;w;f;a;d;y;6.41;20.1;;;w;;;f;f;w;d;w
p;4.95;o;t;w;f;;c;w;0.0;0.0;f;f;f;;;f;f;n;d;a
p;2.91;b;;n;f;a;;k;10.11;2.64;;;g;;w;f;f;k;g;a
p;7.37;f;;r;f;x;c;y;6.35;11.46;;;w;;;f;f;;d;u
p;0.86;x;g;n;f;a;;p;4.15;1.01;;h;k;;;f;f;;d;w
p;3.0;o;;g;f;f;f;f;3.45;16.58;;g;n;;;f;f;;d;u
p;3.2;b;;g;f;a;;n;9.45;2.48;;;n;;w;f;f;k;g;a
p;4.33;f;l;n;f;x;d;y;6.32;5.15;;;n;;;f;f;;d;a
e;11.1;f;e;b;f;;c;b;5.23;20.99;;;w;;;t;f;;d;a
e;4.63;f;;y;f;x;c;n;7.43;4.41;;;w;;;f;f;;d;a
e;13.84;f;y;w;f;;;w;24.01;19.28;s;;n;;;t;m;;m;a
p;7.64;s;d;n;t;d;c;w;7.21;9.77;;;e;;;f;f;;d;a
e;9.21;x;;n;t;;;w;11.12;18.17;b;;w;u;w;t;g;;d;u
e;3.73;x;k;n;f;p;;n;4.27;9.98;;;n;;;f;f;;d;a
e;6.68;x;t;n;f;a;d;n;7.78;6.96;;t;g;;;t;l;;d;a
e;6.57;f;s;o;f;s;;y;8.57;12.75;;i;o;;;f;f;;d;a
p;7.24;x;t;n;f;x;c;y;5.24;15.14;;;y;;;f;f;;d;a
p;1.7;x;g;y;f;d;d;n;2.0;2.61;;s;n;;;f;f;;h;u
p;8.45;x;;w;f;x;c;w;10.5;13.14;r;i;w;;;f;f;;d;a
e;5.39;x;t;n;f;a;d;n;6.43;5.31;;t;w;;;t;l;;d;u
p;4.1;c;e;w;t;x;c;p;6.02;11.35;;;w;;;f;f;;d;u
e;12.38;x;t;n;t;p;;y;8.31;22.95;;;n;;;f;f;;d;u
e;5.73;o;;n;f;f;f;f;6.16;20.81;;;n;;;f;f;;d;s
p;14.74;f;h;o;f;e;;w;18.42;18.5;s;y;w;u;w;t;g;;d;w
p;1.17;b;t;n;f;;c;k;3.14;2.55;;;n;;;t;f;;m;u
p;5.96;x;e;e;f;a;;w;8.48;10.2;;;e;;w;t;z;;d;a
p;3.99;o;s;r;f;f;f;f;0.0;0.0;f;f;f;;;t;f;;d;s
p;3.54;b;t;n;f;;;k;7.6;5.06;;;w;;;t;;k;g;a
e;5.61;c;t;n;f;e;;w;12.56;11.89;;s;n;u;w;f;f;;d;u
e;1.63;c;g;n;f;a;;w;5.37;1.68;;;g;;;f;f;;l;a
e;4.16;x;t;n;f;d;;o;5.72;7.73;;t;w;;;f;f;;d;a
p;2.21;b;;n;f;a;;k;7.84;2.18;;;n;;w;f;f;k;g;u
e;6.85;x;h;n;f;e;;w;13.26;13.26;;s;w;u;w;f;f;;d;u
p;5.96;c;k;w;t;x;c;p;6.6;12.51;;;w;;;f;f;;g;a
e;6.25;s;l;w;f;d;;w;3.28;8.61;;;w;;;f;f;;g;u
p;9.12;x;e;y;f;a;;y;11.17;18.13;r;;o;;;t;r;n;d;u
p;4.12;s;;e;t;d;c;w;5.14;5.38;;;n;;;f;f;;d;a
p;2.44;x;y;n;f;a;;w;4.58;3.38;;y;y;;;t;r;;g;a
p;8.55;x;;g;t;x;;u;8.75;18.5;s;;n;;u;f;f;;d;a
e;3.87;x;d;n;f;p;;y;5.21;10.37;;;n;;;f;f;;d;a
p;5.13;f;k;y;f;p;;n;3.78;6.05;;k;n;;;t;f;;d;u
e;5.82;f;y;n;f;s;;y;4.67;7.97;;;w;;;f;f;;d;a
e;8.65;x;e;l;f;x;c;w;7.02;19.8;;;w;;;f;f;;d;u
e;5.79;x;i;n;f;e;c;n;4.16;11.53;;;w;;;t;l;;w;a
p;13.46;s;t;n;t;d;c;w;5.05;24.83;;;r;;;f;f;;g;a
e;7.9;x;t;n;f;p;d;y;7.44;12.57;;s;n;;;f;f;;h;a
e;1.0;c;g;n;t;a;;w;5.37;1.01;;;n;;;f;f;;h;a
e;7.56;x;;y;f;a;c;w;6.97;16.72;;;g;;;f;f;;d;u
p;4.37;f;l;y;f;x;d;e;5.03;4.42;;;y;;;f;f;;l;u
e;16.45;f;y;n;f;;;w;26.18;20.97;s;;n;;;t;m;;m;u
p;8.33;s;t;p;t;d;c;p;6.17;11.9;;;p;;;t;f;;d;a
p;7.67;f;h;r;f;;c;w;10.64;14.96;;;w;u;w;t;p;;d;u
p;9.15;x;y;o;f;a;;y;11.88;19.68;r;;o;;;t;r;n;d;u
e;6.15;x;h;n;f;p;d;y;6.19;13.47;;s;n;;;f;f;;g;a
p;5.31;x;;e;f;x;;w;5.88;6.83;;;w;;;f;f;;d;u
p;2.03;b;g;w;f;;c;n;6.72;3.33;;;n;;;f;f;;g;a
p;2.18;b;g;n;f;;c;n;5.76;3.34;;;n;;;f;f;;m;a
p;3.93;x;y;n;f;a;;w;5.54;3.53;;y;y;;;t;r;;g;a
p;3.22;f;s;g;f;d;c;w;2.68;7.39;;;w;;;f;f;;g;u
p;2.32;f;;w;f;a;c;n;2.78;3.37;;i;u;;;f;f;;d;a
e;5.73;p;;n;f;f;f;f;7.47;22.72;;;n;;;f;f;;d;s
p;4.44;s;;u;f;a;;w;4.41;7.69;;;w;;;f;f;;d;u
e;5.84;p;;g;f;f;f;f;6.5;21.29;;;n;;;f;f;;l;s
p;2.86;x;d;w;f;d;d;w;3.79;2.49;;h;w;;;f;f;;g;u
e;12.62;x;s;n;f;d;d;w;8.12;13.41;;i;n;;;t;;w;d;a
p;3.96;f;y;w;f;e;c;w;4.76;3.61;;k;w;;;t;e;;d;u
e;5.65;s;s;b;f;d;d;o;6.74;13.23;;;w;;;f;f;;d;w
e;2.95;f;;y;f;x;c;g;5.82;3.56;;;w;;;f;f;;d;a
p;3.94;x;s;g;f;d;c;w;3.25;7.37;;;w;;;f;f;;g;a
e;7.93;f;y;w;f;e;c;k;18.78;12.52;;s;w;;;t;e;;d;w
e;7.78;x;s;n;f;e;c;w;7.15;9.1;;i;w;;;f;f;p;d;w
e;4.97;x;s;n;f;x;c;w;5.26;8.97;;s;n;;;f;f;;l;w
p;2.05;f;i;k;f;a;;w;3.38;2.35;;;w;;;f;f;p;g;a
e;6.87;f;s;n;f;s;c;w;6.04;10.51;b;i;n;;;f;f;;d;u
p;6.72;f;;n;f;d;c;w;5.9;10.79;b;;n;;;f;f;;l;w
e;8.89;f;y;w;f;e;c;w;20.16;12.34;;s;w;;;t;e;;d;w
p;17.22;s;k;w;t;d;d;n;7.21;29.63;;;w;;;f;f;;d;a
e;0.99;p;g;g;f;;;g;3.41;1.78;;;w;;;f;f;;d;s
p;3.58;x;;w;f;x;c;p;8.1;4.11;;;p;;;f;f;;d;a
e;7.85;f;h;n;f;s;;y;9.44;14.25;;i;o;;;f;f;;d;a
p;2.91;b;;n;f;a;;k;7.78;2.31;;;n;;w;f;f;k;g;u
p;14.83;s;k;w;t;d;d;n;6.08;26.65;;;w;;;f;f;;d;a
e;5.35;x;s;n;f;p;;n;6.15;11.68;;;e;;;f;f;;d;u
e;10.63;f;s;e;f;d;d;w;8.98;15.25;;i;n;;;t;;w;d;w
e;8.49;x;t;n;t;p;;n;7.65;17.77;;;n;;w;t;p;;d;a
p;18.74;s;d;n;f;d;c;y;6.79;40.8;;k;k;;;f;f;;d;u
e;9.55;x;s;n;t;p;;n;7.66;18.49;;;n;;w;t;p;;d;a
p;3.38;s;w;u;f;a;c;u;5.0;5.47;;s;u;;;f;f;;d;a
p;6.53;f;y;e;f;s;c;y;7.17;20.07;;y;e;;;f;f;;d;a
p;6.2;s;h;n;t;d;;w;4.65;11.93;;t;g;;;f;f;;d;a
e;4.12;b;g;w;f;x;d;w;5.53;3.52;;;y;;;f;f;;g;a
p;2.3;p;t;n;f;a;c;n;7.42;2.64;;t;y;;;t;e;;m;u
p;2.96;f;w;o;t;d;c;y;3.76;6.07;;;n;;;f;f;;d;a
e;7.44;p;;g;f;a;;w;6.97;12.8;;;g;;;f;f;;d;u
e;9.0;x;t;y;f;p;;y;9.26;16.25;;;y;;y;t;;;d;u
e;7.53;x;y;n;f;e;c;w;6.07;11.21;;y;n;;;f;f;;d;a
p;2.12;x;k;n;f;s;;p;3.42;2.31;;;n;;;f;f;p;g;u
e;7.51;f;;n;t;;;w;10.09;13.45;b;;w;u;w;t;g;;d;u
e;13.87;f;y;n;f;;;w;19.78;19.85;s;;n;;;t;m;;m;a
e;11.13;s;;w;t;d;c;y;5.58;24.26;;;w;;;f;f;;d;u
p;10.41;o;;n;f;f;f;f;3.84;26.91;;g;n;;;f;f;;d;u
p;3.91;b;s;y;f;;c;r;9.09;6.78;;;y;u;w;t;z;r;d;s
e;5.07;b;g;n;f;a;d;g;7.1;4.46;;s;n;;;f;f;;d;w
e;7.15;f;h;n;f;s;;n;8.92;12.38;;t;o;;;f;f;;d;a
p;8.05;x;e;n;f;a;;n;11.81;14.78;s;;n;;n;f;f;;h;a
e;6.58;x;t;y;t;x;c;y;7.73;15.23;;;w;;;f;f;;d;a
e;5.71;f;s;w;f;e;c;n;4.3;11.85;;;w;;w;t;e;;m;u
p;13.09;x;t;n;t;d;c;b;5.19;26.44;;;r;;;f;f;;d;a
p;10.26;x;h;n;t;p;;o;7.63;24.29;c;;y;;;f;f;;d;u
e;6.6;f;s;n;f;s;c;w;6.56;11.13;b;i;n;;;f;f;;l;u
p;6.0;x;y;w;t;;;w;6.9;11.92;s;;w;;;t;l;;g;u
e;6.24;s;;n;f;d;c;w;3.81;8.29;;s;w;;;f;f;;h;a
e;8.68;f;e;b;f;;c;b;4.22;16.61;;;w;;;t;f;;d;a
e;8.53;p;;g;f;a;;w;7.07;12.88;;;w;;;f;f;;d;a
p;4.32;f;y;p;f;e;c;w;4.56;3.51;;k;w;;;t;e;;d;u
e;9.05;x;h;y;f;p;;y;7.48;14.52;;;y;;y;t;;;d;a
e;6.39;x;y;n;f;e;c;p;6.83;9.74;;y;n;;;f;f;;d;u
p;14.7;x;t;k;t;d;c;n;5.05;27.37;;;g;;;f;f;;g;u
p;4.24;x;h;r;f;s;c;u;6.75;7.57;;y;w;;;t;e;k;g;u
p;6.19;f;;r;f;x;c;y;6.48;12.33;;;w;;;f;f;;d;u
e;7.97;x;h;n;f;p;d;y;8.5;13.87;;s;n;;;f;f;;g;a
p;7.34;s;h;n;t;d;;g;4.56;11.66;;t;g;;;f;f;;d;a
p;3.84;x;s;y;f;;c;r;6.53;7.61;;;y;u;w;t;z;k;d;w
p;6.21;x;s;k;f;e;;g;6.24;6.5;;;k;;;f;f;;g;a
p;15.05;x;h;n;t;p;;y;10.02;36.33;c;;y;;;f;f;;d;a
e;9.95;f;y;w;f;e;c;p;16.63;10.51;;s;w;;;t;e;;d;s
e;57.61;o;y;y;f;p;;y;6.73;39.97;;k;n;;;f;f;;d;u
p;7.78;f;w;p;f;s;c;p;4.91;10.34;;;p;;;f;f;;d;a
e;1.47;f;w;n;f;;d;g;5.33;2.54;;;w;;;f;f;;g;a
e;10.16;x;h;n;t;p;;y;8.59;21.15;;;n;;;f;f;;d;u
p;6.26;b;t;w;f;e;c;w;11.67;11.3;;y;w;u;w;t;l;;d;a
p;4.02;x;s;y;f;;c;k;8.52;6.82;;;y;u;w;t;z;k;d;a
p;4.31;c;i;y;f;;c;r;6.05;6.46;;;w;;;f;f;;d;u
p;3.39;o;t;w;f;;c;w;0.0;0.0;f;f;f;;;f;f;n;d;a
e;5.25;f;h;g;f;s;d;w;4.6;9.2;;s;g;;;f;f;;d;a
p;5.31;c;e;w;t;x;c;y;7.16;12.48;;;w;;;f;f;;g;u
p;18.75;s;s;n;f;d;c;y;6.88;46.38;;k;n;;;f;f;;d;a
p;3.3;o;l;g;f;f;f;f;0.0;0.0;f;f;f;;;f;f;;d;u
p;6.29;x;e;e;f;a;;w;8.85;10.78;;;y;;w;t;z;;d;a
p;4.41;x;t;o;f;a;c;y;5.65;6.9;;g;o;;;f;f;;g;a
e;11.2;x;s;u;f;x;;n;8.92;25.24;;;n;;;f;f;;d;a
p;1.73;b;;g;f;a;;g;4.94;1.81;;s;n;;;f;f;;d;u
p;2.09;f;y;o;f;d;;y;2.91;5.61;;;y;;;f;f;;h;a
p;3.07;s;d;w;f;d;d;w;3.25;2.56;;h;w;;;f;f;;g;u
e;5.95;p;s;w;f;e;c;k;4.96;12.82;;;w;;w;t;e;;m;u
p;5.55;x;g;n;f;e;;w;7.19;12.25;;y;w;u;w;t;p;;d;a
e;8.45;p;i;n;t;e;;p;8.95;16.75;;y;w;;;t;p;;d;a
p;8.54;f;y;u;f;s;c;y;7.52;18.48;;y;y;;;f;f;;d;a
p;6.84;x;y;w;t;;;w;8.5;13.76;s;;w;;;t;l;;g;u
p;7.59;x;h;e;f;x;d;w;5.67;17.48;b;;w;;;f;f;;d;a
p;8.49;x;s;n;f;s;;n;5.29;7.98;;y;n;;;f;f;;d;w
e;9.2;s;t;w;t;d;c;o;6.4;17.46;;;w;;;f;f;;d;a
p;2.72;f;t;r;f;a;;y;5.47;7.3;;t;y;;;f;f;;g;u
e;5.4;f;h;g;f;s;d;w;3.79;9.09;;s;g;;;f;f;;d;u
e;1.69;c;g;n;f;a;;w;5.52;1.72;;;g;;;f;f;;l;u
p;3.39;f;t;n;f;x;c;p;5.08;3.96;;i;g;;;f;f;;d;u
p;2.67;x;s;w;f;d;c;w;3.15;6.28;;;w;;;f;f;;g;a
p;7.37;b;s;n;f;;;g;10.81;12.89;;s;w;;;t;z;;d;w
p;2.31;f;;w;f;a;c;n;3.42;3.48;;i;u;;;f;f;;p;u
e;9.17;p;i;n;t;e;;p;8.38;16.66;;y;w;;;t;l;;l;a
e;20.73;p;d;o;f;p;;w;17.55;35.86;s;y;w;;;f;f;;d;a
p;2.65;x;;n;f;x;c;p;7.26;3.47;;;n;;;f;f;;l;u
e;6.58;x;l;w;f;d;;w;3.22;8.07;;;w;;;f;f;;d;a
p;1.3;b;h;n;f;a;;n;4.14;1.27;;t;n;;;f;f;;d;u
e;2.99;x;k;n;f;p;;y;4.37;10.77;;;n;;;f;f;;d;a
e;3.89;x;h;n;f;;c;n;6.73;7.3;;s;w;;w;f;f;k;d;a
p;17.27;f;s;k;f;p;;y;6.53;42.65;;;n;;;f;f;;d;a
p;5.17;s;d;o;f;d;c;o;2.57;6.21;;;y;;;f;f;;h;u
p;7.77;f;;y;f;x;c;y;6.26;10.88;;;w;;;f;f;;d;u
e;3.01;s;;y;f;f;f;f;6.59;7.88;;;y;;;f;f;;d;a
p;5.46;s;k;y;f;p;;n;3.35;6.33;;k;n;;;t;f;;d;u
p;11.21;f;;g;f;e;;w;10.92;13.41;;;w;u;w;t;g;;d;u
p;7.61;x;;w;f;x;c;w;8.95;8.64;r;i;w;;;f;f;;h;u
e;4.23;b;g;w;f;x;d;w;4.61;3.1;;;y;;;f;f;;g;u
p;0.83;x;;o;f;d;;o;5.44;1.11;;;y;;;f;f;w;g;a
p;0.53;x;g;o;f;;;y;3.35;0.73;;;w;;;f;f;;d;u
p;3.83;b;h;n;f;;;n;10.16;6.19;;;w;;;t;;k;g;u
p;4.78;f;w;u;f;a;c;g;6.83;5.84;;s;u;;;f;f;;d;u
p;12.07;f;t;r;t;d;c;n;6.05;14.81;;;n;;;f;f;;h;a
e;51.58;o;y;y;f;p;;y;6.28;27.31;;k;n;;;f;f;;d;s
p;15.89;x;g;o;f;e;;w;17.82;18.03;s;y;w;u;w;t;g;;d;u
e;9.23;x;e;y;f;x;c;w;6.79;19.99;;;w;;;f;f;;d;u
e;11.39;f;;b;f;d;c;w;2.42;15.16;;;w;;;f;f;;d;a
p;0.78;f;s;o;f;a;;y;1.98;4.29;;;y;;;f;f;;h;a
p;3.13;o;l;g;f;f;f;f;0.0;0.0;f;f;f;;;f;f;;d;a
e;7.17;x;d;y;t;p;;y;6.76;13.2;;;e;;;f;f;;d;a
p;8.26;b;t;w;f;e;c;w;12.66;13.06;;y;w;u;w;t;e;;d;u
p;2.58;x;g;e;f;a;;p;7.23;2.71;;;w;;;f;f;;d;u
e;3.18;x;;y;f;a;c;y;3.7;8.69;;;w;;;f;f;;d;u
p;5.27;b;s;n;f;;;k;10.01;12.51;;s;w;;;t;z;;g;u
e;4.99;x;y;g;f;s;;y;4.56;8.19;;;w;;;f;f;;d;a
p;6.29;x;e;e;f;a;;w;8.4;10.58;;;y;;w;t;z;;d;a
p;3.0;x;s;g;f;d;c;w;2.69;6.9;;;w;;;f;f;;g;a
p;7.57;f;h;r;f;;c;w;10.72;13.65;;;w;u;w;t;p;;d;a
e;5.54;x;;y;f;a;c;w;6.01;15.04;;;g;;;f;f;;d;a
e;10.62;x;;n;t;;;w;9.72;13.76;b;;w;u;w;t;g;;d;u
e;6.49;s;;n;f;;;w;3.0;18.9;;;n;;;f;f;;d;u
e;3.56;b;g;w;f;x;d;w;4.0;2.87;;;y;;;f;f;;g;a
e;1.1;p;g;w;f;;;g;3.2;1.55;;;w;;;f;f;;d;a
p;3.61;x;h;r;f;s;c;g;6.34;7.87;;y;l;;;t;e;k;g;u
e;7.73;f;;b;f;d;c;w;2.47;15.87;;;w;;;f;f;;d;a
p;12.0;x;e;n;t;p;;e;7.01;18.7;;;e;;;f;f;;d;u
p;5.82;x;;y;f;s;d;y;5.74;14.09;;i;y;;;f;f;;d;a
p;4.56;b;h;n;f;;;k;10.57;6.2;;;w;;;t;;k;g;w
e;3.84;x;;y;f;x;c;u;5.49;3.34;;;w;;;f;f;;d;u
p;11.76;x;t;n;f;a;d;w;9.8;29.47;;;w;;;f;f;;d;a
e;15.25;x;w;n;f;p;;y;15.17;60.44;;;n;;;f;f;;d;a
p;8.74;x;h;r;f;;c;w;11.42;14.06;;;w;u;w;t;g;;d;u
p;11.25;x;s;w;f;s;;y;7.0;17.66;;i;n;;;f;f;;d;u
e;10.99;s;e;n;f;d;c;w;8.59;25.01;s;;w;;;f;f;;d;w
p;8.18;x;i;n;f;a;c;n;8.23;8.85;;i;n;;k;t;z;k;g;u
p;2.75;f;h;y;f;;;n;8.08;3.21;;;y;;;f;f;;g;a
e;1.58;s;y;n;f;d;d;p;5.65;3.13;;i;n;;;f;f;;l;u
p;3.04;o;s;w;f;;c;w;0.0;0.0;f;f;f;;;f;f;n;d;a
e;9.41;x;t;n;f;p;d;y;7.0;12.93;;s;n;;;f;f;;h;u
e;7.22;f;s;o;f;d;d;o;7.0;14.05;;;w;;;f;f;;m;w
p;5.58;o;s;n;f;;c;w;0.0;0.0;f;f;f;;;f;f;n;d;a
p;9.18;x;;n;t;x;;u;7.5;18.03;s;;u;;u;f;f;;d;a
e;13.36;s;;w;t;d;c;w;6.12;26.29;;;w;;;f;f;;d;a
p;4.22;b;t;n;f;x;c;p;6.11;4.72;;i;g;;;f;f;;m;u
e;9.12;f;y;y;f;;;w;6.51;24.8;b;;n;;w;t;e;;d;w
e;5.36;o;l;n;f;f;f;f;7.82;50.0;;;n;;;f;f;g;d;u
p;3.95;o;s;n;f;f;f;f;0.0;0.0;f;f;f;;;t;f;;d;u
p;2.27;f;;w;f;a;c;n;2.91;3.42;;i;u;;;f;f;;d;a
p;7.03;o;k;y;f;;c;y;1.64;13.94;;;n;;;f;f;;d;a
p;8.62;x;;g;t;x;;n;9.89;20.24;s;;g;;u;f;f;;d;a
p;2.55;x;d;w;f;a;d;w;2.71;2.37;;h;w;;;f;f;;g;u
e;6.77;f;s;n;f;s;c;w;6.15;9.67;b;i;n;;;f;f;;g;a
e;6.96;f;s;o;f;s;;n;9.01;13.06;;i;n;;;f;f;;d;a
e;8.63;f;y;e;f;;;w;5.29;23.71;b;;n;;w;t;e;;d;a
e;10.36;f;;l;f;d;c;w;2.37;14.64;;;w;;;f;f;;d;a
e;11.24;s;;g;f;s;c;g;8.4;21.26;b;;u;;;f;f;;d;a
p;4.76;x;t;o;f;a;c;y;6.33;7.84;;g;o;;;f;f;;g;u
e;5.65;f;h;o;f;s;;n;8.31;11.25;;t;o;;;f;f;;d;a
p;5.08;b;s;y;f;;c;r;8.51;8.48;;;y;u;w;t;z;r;d;s
e;5.99;x;;w;f;e;;w;5.68;11.01;b;;y;u;w;t;g;;d;u
e;7.27;x;t;n;f;e;;w;13.42;12.77;;s;w;u;w;f;f;;d;u
e;4.07;x;;n;f;x;c;n;7.73;7.76;b;;w;;w;t;;;g;u
e;12.03;f;e;n;f;d;c;w;8.14;25.99;s;;w;;;f;f;;d;w
p;1.9;c;t;y;f;;;y;8.77;3.02;;;y;;;f;f;;g;u
p;0.77;x;g;p;f;a;;p;4.13;1.07;;s;k;;;f;f;;d;u
e;6.07;x;t;n;f;e;;w;12.77;12.68;;s;n;u;w;f;f;;d;u
p;2.69;x;d;w;f;d;d;p;3.76;2.41;;h;w;;;f;f;;g;a
e;12.19;x;e;y;f;x;c;w;7.39;22.34;;;w;;;f;f;;d;a
e;7.57;x;t;y;t;x;c;y;7.9;14.73;;;w;;;f;f;;d;u
p;3.43;x;y;y;f;a;;w;5.24;3.49;;y;n;;;t;r;;h;u
e;6.22;s;;y;f;a;c;w;4.98;14.81;;;w;;;f;f;;d;u
p;7.6;f;;y;f;x;c;y;5.95;10.32;;;w;;;f;f;;d;u
e;8.89;x;h;n;f;p;d;y;6.8;11.58;;s;n;;;f;f;;d;u
e;3.19;x;;b;f;;d;w;5.92;5.19;;;w;;;f;f;;d;w
p;3.57;x;t;n;f;s;c;n;5.89;8.7;;;w;;n;t;z;;d;a
p;8.0;o;t;n;f;;c;o;1.41;13.1;;;n;;;f;f;;d;w
p;7.67;x;i;n;f;a;c;n;7.19;7.37;;i;n;;k;t;z;k;d;u
e;53.09;o;y;y;f;p;;y;4.76;20.55;;k;k;;;f;f;;d;u
p;4.1;f;d;b;f;x;c;w;4.99;3.34;b;s;n;;;f;f;;d;a
p;3.05;o;l;g;f;f;f;f;0.0;0.0;f;f;f;;;f;f;;d;u
e;4.76;x;;y;f;x;c;w;7.11;4.07;;;w;;;f;f;;d;u
p;5.85;x;i;y;f;a;c;n;7.61;6.77;;i;n;;k;t;z;k;g;a
p;12.05;x;;g;f;e;;w;10.87;14.94;;;w;u;w;t;g;;d;u
p;3.9;f;l;n;f;x;d;n;5.8;4.56;;;n;;;f;f;;d;u
p;2.82;f;w;o;t;d;c;n;3.2;5.74;;;n;;;f;f;;d;a
e;5.71;f;s;w;f;e;c;p;5.19;12.64;;;w;;w;t;e;;g;u
e;8.8;x;;g;f;a;;w;7.89;14.69;;;g;;;f;f;;d;a
e;6.25;s;;n;f;d;c;w;5.58;7.89;;s;w;;;f;f;;h;a
p;5.37;s;;n;t;d;c;p;5.1;5.51;;;n;;;f;f;;d;u
p;1.49;x;g;n;f;d;d;n;2.59;2.66;;s;n;;;f;f;;d;u
e;6.13;x;y;n;f;e;c;p;5.84;10.26;;y;n;;;f;f;;d;u
e;7.49;s;w;y;f;f;f;f;5.83;14.69;;;y;;;f;f;;d;a
p;6.84;x;t;e;f;x;;w;11.46;6.36;r;g;n;;;f;f;;d;u
p;3.23;b;;g;f;a;;k;8.4;2.44;;;g;;w;f;f;k;g;u
p;8.43;x;e;n;f;a;;n;11.48;14.94;s;;n;;e;f;f;;d;a
e;7.68;x;l;w;f;d;;w;3.54;9.33;;;w;;;f;f;;d;u
p;2.76;o;;k;f;f;f;f;3.68;12.64;;g;n;;;f;f;;d;u
p;0.69;x;g;y;f;;;y;3.48;0.76;;;w;;;f;f;;d;a
e;7.34;x;d;n;t;p;;r;5.4;12.43;;;e;;;f;f;;d;u
p;3.47;x;y;n;f;a;;w;5.01;3.29;;y;y;;;t;r;;d;a
e;4.06;x;;w;f;a;;r;4.93;6.36;;;w;;;f;f;;l;u
p;5.79;p;;n;f;p;;p;9.66;24.96;c;;n;;;f;f;p;d;u
p;6.62;o;e;y;f;;c;y;1.28;14.4;;;y;;;f;f;;d;w
p;7.14;f;;y;f;x;c;n;7.09;11.94;;;w;;;f;f;;d;u
p;6.8;f;d;n;t;d;c;y;5.0;8.24;;;n;;;f;f;;d;a
p;0.81;f;;o;f;d;;o;4.73;1.09;;;o;;;f;f;w;g;a
p;18.08;s;k;n;f;d;c;y;7.05;36.56;;k;k;;;f;f;;d;a
p;8.7;b;y;w;f;;;p;17.74;17.51;;;w;;;f;f;;d;a
e;8.24;p;s;w;f;e;c;k;17.01;11.99;;s;w;;;t;e;;d;a
p;5.37;c;i;y;f;;c;n;6.29;7.46;;;w;;;f;f;;d;u
e;5.26;f;s;b;f;x;c;w;6.16;9.6;;s;n;;;f;f;;l;a
e;10.83;x;t;n;t;p;;y;6.52;22.7;;;n;;;f;f;;d;a
p;5.05;s;;u;f;a;;w;4.92;8.49;;;y;;;f;f;;d;u
p;5.94;s;t;n;f;x;c;y;4.53;13.04;;;y;;;f;f;;d;a
e;5.86;f;h;g;f;s;d;w;4.84;9.98;;s;g;;;f;f;;d;a
p;4.29;x;s;y;f;;c;r;10.79;9.25;;;y;u;w;t;z;k;d;a
e;8.89;x;;n;f;s;c;g;7.34;22.0;b;;u;;;f;f;;d;w
p;1.21;s;s;y;f;f;f;f;2.33;4.4;;;y;;;f;f;;d;a
p;2.1;p;t;n;f;a;c;g;6.07;2.22;;t;y;;;t;e;;m;s
p;5.59;f;y;e;f;s;c;y;5.91;16.27;;y;e;;;f;f;;d;a
p;5.82;s;d;o;f;d;c;o;3.95;6.97;;;o;;;f;f;;d;u
p;2.95;s;w;u;f;a;c;g;4.43;5.22;;s;u;;;f;f;;l;u
p;3.97;f;;e;f;x;;w;5.59;6.94;;;w;;;f;f;;d;u
p;3.19;o;s;r;f;f;f;f;0.0;0.0;f;f;f;;;t;f;;d;u
p;8.45;o;e;y;f;;c;y;1.41;15.95;;;n;;;f;f;;d;a
e;8.0;f;g;n;f;s;;n;9.31;12.7;;t;n;;;f;f;;d;a
p;3.78;f;t;n;f;x;c;p;6.89;4.61;;i;n;;;f;f;;m;a
p;7.82;f;;r;f;x;c;y;6.36;12.28;;;w;;;f;f;;d;a
e;6.98;f;s;o;f;d;d;o;5.3;12.06;;;w;;;f;f;;m;a
p;3.99;x;s;y;f;;c;r;8.67;7.86;;;y;u;w;t;z;r;d;s
p;8.31;x;;g;t;x;;n;9.08;19.56;s;;u;;u;f;f;;d;a
p;4.04;f;t;n;f;x;c;p;5.71;3.99;;i;n;;;f;f;;d;a
p;11.85;x;y;y;f;a;;y;11.73;21.1;r;;o;;;t;r;n;d;w
e;9.27;x;s;k;f;a;c;w;5.62;15.48;;;w;;;f;f;;d;a
e;10.61;x;h;n;t;p;;n;8.79;19.11;;;n;;w;t;p;;d;u
p;7.34;p;y;n;f;;;p;14.94;17.29;;;w;;;f;f;;d;a
p;8.16;f;;n;f;x;c;w;9.77;9.68;r;i;w;;;f;f;;h;u
e;6.15;s;l;w;f;d;;p;3.38;7.9;;;w;;;f;f;;d;u
p;4.59;x;s;y;f;;c;r;9.15;7.32;;;y;u;w;t;z;k;d;a
p;17.77;f;s;n;f;d;c;y;6.41;37.44;;k;k;;;f;f;;d;a
p;10.25;o;;e;f;f;f;f;2.21;21.74;;g;n;;;f;f;;d;u
p;1.32;f;s;y;f;f;f;f;3.54;5.32;;;y;;;f;f;;d;a
p;3.49;b;;k;f;a;;k;11.0;2.81;;;n;;w;f;f;k;g;a
e;10.75;s;s;y;f;x;;n;7.9;24.51;;;n;;;f;f;;d;u
e;20.6;p;d;o;f;p;;n;15.06;33.93;s;y;w;;;f;f;;d;a
p;5.1;s;k;n;f;p;;n;3.48;5.52;;k;n;;;t;f;;d;u
p;2.82;s;d;w;f;a;d;p;4.03;2.41;;h;w;;;f;f;;g;a
e;8.25;x;;n;f;a;;w;6.72;12.91;;;w;;;f;f;;g;a
p;3.98;f;t;n;f;x;c;p;5.45;4.42;;i;n;;;f;f;;m;a
e;7.99;x;t;y;t;x;c;y;7.35;15.8;;;w;;;f;f;;d;a
p;0.58;x;;o;f;d;;o;3.93;0.91;;;y;;;f;f;w;g;u
p;4.97;x;e;e;f;a;;w;7.83;9.79;;;e;;w;t;z;;d;a
p;3.15;x;i;e;f;;;e;4.02;5.12;;;e;;;f;f;n;d;a
p;10.0;x;;n;f;p;;p;9.52;29.21;c;;n;;;f;f;w;d;a
e;17.5;p;d;e;f;p;;w;15.51;34.33;s;y;w;;;f;f;;d;u
e;3.06;s;;y;f;f;f;f;6.28;6.71;;;o;;;f;f;;d;a
p;0.9;b;t;n;f;;c;k;3.39;2.62;;;n;;;t;f;;g;a
e;8.88;s;;n;f;s;c;g;7.9;21.45;b;;u;;;f;f;;d;a
e;11.91;s;;w;t;d;c;y;6.22;25.39;;;w;;;f;f;;d;a
p;3.65;x;y;n;f;a;;w;5.87;3.62;;y;n;;;t;r;;g;a
p;1.17;x;s;y;f;f;f;f;2.91;5.23;;;y;;;f;f;;d;u
e;20.88;x;d;o;f;p;;n;16.49;36.67;s;y;w;;;f;f;;d;u
e;4.04;x;t;n;f;d;;o;6.03;5.99;;t;w;;;f;f;;d;w
p;4.89;x;;y;f;s;d;y;5.27;13.08;;i;y;;;f;f;;d;a
p;8.5;x;y;w;t;;;p;7.71;13.28;s;;w;;;t;l;;d;u
p;5.35;f;l;e;f;x;d;n;5.68;4.88;;;y;;;f;f;;l;a
p;4.85;f;;y;f;s;d;y;5.42;12.69;;i;y;;;f;f;;d;a
e;9.41;x;s;n;f;e;c;p;7.16;9.84;;i;w;;;f;f;p;d;a
p;7.96;f;w;p;f;s;c;p;4.48;10.03;;;p;;;f;f;;d;a
e;11.03;f;s;w;f;e;c;k;24.14;14.09;;s;w;;;t;e;;g;u
e;9.72;f;;l;f;d;c;y;2.33;15.35;;;w;;;f;f;;d;w
e;9.95;f;;g;f;d;c;w;2.59;15.41;;;w;;;f;f;;d;w
e;8.95;s;;n;f;s;c;p;7.32;19.73;b;;u;;;f;f;;d;a
p;6.73;x;t;n;f;s;;g;5.46;7.23;;y;n;;;f;f;;d;a
e;6.51;f;t;n;f;s;;y;9.0;12.05;;t;n;;;f;f;;d;a
p;4.37;f;y;e;f;e;c;w;5.14;3.72;;k;w;;;t;e;;d;u
e;10.82;x;;n;t;;;w;9.99;15.64;b;;w;u;w;t;g;;d;u
p;6.47;x;t;n;f;x;;w;13.34;7.23;r;g;n;;;f;f;;d;a
e;1.18;c;g;e;t;a;;w;5.29;1.06;;;n;;;f;f;;h;u
p;10.14;x;t;n;f;a;d;w;9.96;30.38;;;w;;;f;f;;d;u
p;6.98;x;t;e;f;x;d;w;6.01;16.99;b;;w;;;f;f;;d;u
e;1.83;x;w;g;f;;d;k;5.09;2.47;;;w;;;f;f;;d;w
e;2.52;f;s;w;f;d;d;w;2.97;5.53;;;w;;;f;f;;g;a
p;1.89;c;t;y;f;;;y;6.66;2.78;;;y;;;f;f;;g;a
e;1.69;x;w;g;f;;d;k;5.11;2.52;;;w;;;f;f;;g;a
p;6.18;f;;y;f;s;d;y;6.76;14.85;;i;y;;;f;f;;d;a
e;6.9;b;h;g;f;s;d;w;5.57;10.44;;s;g;;;f;f;;d;u
e;9.16;f;d;w;f;s;c;w;8.44;35.62;;;w;;;f;f;;d;u
p;8.2;f;y;u;f;s;c;y;6.14;15.5;;y;u;;;f;f;;d;a
